this derivation will be built:
  /nix/store/w2p8ha35fmypqh16d2pzv5l12x5v95lr-msitools-0.106.drv
building '/nix/store/w2p8ha35fmypqh16d2pzv5l12x5v95lr-msitools-0.106.drv'...
msitools> Running phase: unpackPhase
msitools> unpacking source archive /nix/store/a72y09kb5lz9khr5p5db7k0hq6qifs5v-msitools-0.106.tar.xz
msitools> source root is msitools-0.106
msitools> setting SOURCE_DATE_EPOCH to timestamp 1742457244 of file "msitools-0.106/.tarball-version"
msitools> Running phase: patchPhase
msitools> patching script interpreter paths in subprojects/bats-core/bin subprojects/bats-core/libexec
msitools> subprojects/bats-core/bin/bats: interpreter directive changed from "#!/usr/bin/env bash" to "/nix/store/7n1hai8jk6vgc967drgkqi6k7j6ff28q-bash-5.3p9/bin/bash"
msitools> subprojects/bats-core/libexec/bats-core/bats-format-tap: interpreter directive changed from "#!/usr/bin/env bash" to "/nix/store/7n1hai8jk6vgc967drgkqi6k7j6ff28q-bash-5.3p9/bin/bash"
msitools> subprojects/bats-core/libexec/bats-core/bats-format-cat: interpreter directive changed from "#!/usr/bin/env bash" to "/nix/store/7n1hai8jk6vgc967drgkqi6k7j6ff28q-bash-5.3p9/bin/bash"
msitools> subprojects/bats-core/libexec/bats-core/bats-format-pretty: interpreter directive changed from "#!/usr/bin/env bash" to "/nix/store/7n1hai8jk6vgc967drgkqi6k7j6ff28q-bash-5.3p9/bin/bash"
msitools> subprojects/bats-core/libexec/bats-core/bats-exec-suite: interpreter directive changed from "#!/usr/bin/env bash" to "/nix/store/7n1hai8jk6vgc967drgkqi6k7j6ff28q-bash-5.3p9/bin/bash"
msitools> subprojects/bats-core/libexec/bats-core/bats-format-junit: interpreter directive changed from "#!/usr/bin/env bash" to "/nix/store/7n1hai8jk6vgc967drgkqi6k7j6ff28q-bash-5.3p9/bin/bash"
msitools> subprojects/bats-core/libexec/bats-core/bats: interpreter directive changed from "#!/usr/bin/env bash" to "/nix/store/7n1hai8jk6vgc967drgkqi6k7j6ff28q-bash-5.3p9/bin/bash"
msitools> subprojects/bats-core/libexec/bats-core/bats-preprocess: interpreter directive changed from "#!/usr/bin/env bash" to "/nix/store/7n1hai8jk6vgc967drgkqi6k7j6ff28q-bash-5.3p9/bin/bash"
msitools> subprojects/bats-core/libexec/bats-core/bats-format-tap13: interpreter directive changed from "#!/usr/bin/env bash" to "/nix/store/7n1hai8jk6vgc967drgkqi6k7j6ff28q-bash-5.3p9/bin/bash"
msitools> subprojects/bats-core/libexec/bats-core/bats-exec-test: interpreter directive changed from "#!/usr/bin/env bash" to "/nix/store/7n1hai8jk6vgc967drgkqi6k7j6ff28q-bash-5.3p9/bin/bash"
msitools> subprojects/bats-core/libexec/bats-core/bats-exec-file: interpreter directive changed from "#!/usr/bin/env bash" to "/nix/store/7n1hai8jk6vgc967drgkqi6k7j6ff28q-bash-5.3p9/bin/bash"
msitools> Running phase: updateAutotoolsGnuConfigScriptsPhase
msitools> Running phase: configurePhase
msitools> mesonConfigurePhase flags: --prefix=/nix/store/3yi9daakhfg5rc4cq1d4kiavn4q41h83-msitools-0.106 --libdir=/nix/store/3yi9daakhfg5rc4cq1d4kiavn4q41h83-msitools-0.106/lib --libexecdir=/nix/store/3yi9daakhfg5rc4cq1d4kiavn4q41h83-msitools-0.106/libexec --bindir=/nix/store/3yi9daakhfg5rc4cq1d4kiavn4q41h83-msitools-0.106/bin --sbindir=/nix/store/3yi9daakhfg5rc4cq1d4kiavn4q41h83-msitools-0.106/sbin --includedir=/nix/store/3yi9daakhfg5rc4cq1d4kiavn4q41h83-msitools-0.106/include --mandir=/nix/store/3yi9daakhfg5rc4cq1d4kiavn4q41h83-msitools-0.106/share/man --infodir=/nix/store/3yi9daakhfg5rc4cq1d4kiavn4q41h83-msitools-0.106/share/info --localedir=/nix/store/3yi9daakhfg5rc4cq1d4kiavn4q41h83-msitools-0.106/share/locale -Dauto_features=enabled -Dwrap_mode=nodownload --buildtype=plain
msitools> The Meson build system
msitools> Version: 1.10.2
msitools> Source dir: /build/msitools-0.106
msitools> Build dir: /build/msitools-0.106/build
msitools> Build type: native build
msitools> Project name: msitools
msitools> Project version: 0.106
msitools> C compiler for the host machine: gcc (gcc 15.3.0 "gcc (GCC) 15.3.0")
msitools> C linker for the host machine: gcc ld.bfd 2.46
msitools> Vala compiler for the host machine: valac (valac 0.56.19)
msitools> Host machine cpu family: x86_64
msitools> Host machine cpu: x86_64
msitools> Program perl found: YES (/nix/store/myzwgd3ylpl3d8zrl7kl3l97i7zl8mw6-perl-5.42.0/bin/perl)
msitools> Program bison found: YES (/nix/store/lax7aj1kp0bv01cg43xx3x0gjci3zs19-bison-3.8.2/bin/bison)
msitools> Program subprojects/bats-core/bin/bats found: YES (/build/msitools-0.106/subprojects/bats-core/bin/bats)
msitools> Found pkg-config: YES (/nix/store/pc08q4ikl78wsnr8xqb5hgyw2fxz2v2v-pkg-config-wrapper-0.29.2/bin/pkg-config) 0.29.2
msitools> Run-time dependency glib-2.0 found: YES 2.88.3
msitools> Run-time dependency gobject-2.0 found: YES 2.88.3
msitools> Run-time dependency gio-2.0 found: YES 2.88.3
msitools> Run-time dependency libgsf-1 found: YES 1.14.59
msitools> Run-time dependency libgcab-1.0 found: YES 1.6
msitools> Run-time dependency libxml-2.0 found: YES 2.15.4
msitools> Configuring config.h using configuration
msitools> Program msgfmt found: YES (/nix/store/f1f91rpyx593qcjrwkpl7n0rzyl2rkfg-gettext-1.0/bin/msgfmt)
msitools> Program msginit found: YES (/nix/store/f1f91rpyx593qcjrwkpl7n0rzyl2rkfg-gettext-1.0/bin/msginit)
msitools> Program msgmerge found: YES (/nix/store/f1f91rpyx593qcjrwkpl7n0rzyl2rkfg-gettext-1.0/bin/msgmerge)
msitools> Program xgettext found: YES (/nix/store/f1f91rpyx593qcjrwkpl7n0rzyl2rkfg-gettext-1.0/bin/xgettext)
msitools> Dependency glib-2.0 found: YES 2.88.3 (cached)
msitools> Program /nix/store/gak7fcsrc8zq8292liaqi0q1j38fi3bw-glib-2.88.3-dev/bin/glib-mkenums found: YES (/nix/store/gak7fcsrc8zq8292liaqi0q1j38fi3bw-glib-2.88.3-dev/bin/glib-mkenums)
msitools> Dependency glib-2.0 found: YES 2.88.3 (cached)
msitools> Program /nix/store/gak7fcsrc8zq8292liaqi0q1j38fi3bw-glib-2.88.3-dev/bin/glib-mkenums found: YES (/nix/store/gak7fcsrc8zq8292liaqi0q1j38fi3bw-glib-2.88.3-dev/bin/glib-mkenums)
msitools> Found pkg-config: YES (/nix/store/pc08q4ikl78wsnr8xqb5hgyw2fxz2v2v-pkg-config-wrapper-0.29.2/bin/pkg-config) 0.29.2
msitools> Run-time dependency gobject-introspection-1.0 found: YES 1.86.0
msitools> Dependency gobject-introspection-1.0 found: YES 1.86.0 (cached)
msitools> Program /nix/store/hb4nmgrbdhvb72h8i38lg220kkmp7xjx-gobject-introspection-1.86.0-dev/bin/g-ir-scanner found: YES (/nix/store/hb4nmgrbdhvb72h8i38lg220kkmp7xjx-gobject-introspection-1.86.0-dev/bin/g-ir-scanner)
msitools> Dependency gobject-introspection-1.0 found: YES 1.86.0 (cached)
msitools> Program /nix/store/hb4nmgrbdhvb72h8i38lg220kkmp7xjx-gobject-introspection-1.86.0-dev/bin/g-ir-compiler found: YES (/nix/store/hb4nmgrbdhvb72h8i38lg220kkmp7xjx-gobject-introspection-1.86.0-dev/bin/g-ir-compiler)
msitools> Program vapigen found: YES (/nix/store/1iw5h50ali8n5pmpjdczj4ba48pyl430-vala-0.56.19/bin/vapigen)
msitools> Configuring msidiff using configuration
msitools> Configuring msidump using configuration
msitools> Build targets in project: 55
msitools> 
msitools> msitools 0.106
msitools> 
msitools>   User defined options
msitools>     auto_features: enabled
msitools>     bindir       : /nix/store/3yi9daakhfg5rc4cq1d4kiavn4q41h83-msitools-0.106/bin
msitools>     buildtype    : plain
msitools>     includedir   : /nix/store/3yi9daakhfg5rc4cq1d4kiavn4q41h83-msitools-0.106/include
msitools>     infodir      : /nix/store/3yi9daakhfg5rc4cq1d4kiavn4q41h83-msitools-0.106/share/info
msitools>     libdir       : /nix/store/3yi9daakhfg5rc4cq1d4kiavn4q41h83-msitools-0.106/lib
msitools>     libexecdir   : /nix/store/3yi9daakhfg5rc4cq1d4kiavn4q41h83-msitools-0.106/libexec
msitools>     localedir    : /nix/store/3yi9daakhfg5rc4cq1d4kiavn4q41h83-msitools-0.106/share/locale
msitools>     mandir       : /nix/store/3yi9daakhfg5rc4cq1d4kiavn4q41h83-msitools-0.106/share/man
msitools>     prefix       : /nix/store/3yi9daakhfg5rc4cq1d4kiavn4q41h83-msitools-0.106
msitools>     sbindir      : /nix/store/3yi9daakhfg5rc4cq1d4kiavn4q41h83-msitools-0.106/sbin
msitools>     wrap_mode    : nodownload
msitools> 
msitools> Found ninja-1.13.2 at /nix/store/rzj6b0b2hfv41a08228l49afxcny6msv-ninja-1.13.2/bin/ninja
msitools> mesonConfigurePhase: enabled\ parallel\ building
msitools> Running phase: buildPhase
msitools> build flags: -j12
msitools> [1/93] Building translation po/bs/LC_MESSAGES/msitools-bs.mo
msitools> [2/93] Building translation po/ca/LC_MESSAGES/msitools-ca.mo
msitools> [3/93] Building translation po/cs/LC_MESSAGES/msitools-cs.mo
msitools> [4/93] Building translation po/da/LC_MESSAGES/msitools-da.mo
msitools> [5/93] Building translation po/de/LC_MESSAGES/msitools-de.mo
msitools> [6/93] Building translation po/el/LC_MESSAGES/msitools-el.mo
msitools> [7/93] Building translation po/es/LC_MESSAGES/msitools-es.mo
msitools> [8/93] Building translation po/eu/LC_MESSAGES/msitools-eu.mo
msitools> [9/93] Building translation po/fr/LC_MESSAGES/msitools-fr.mo
msitools> [10/93] Building translation po/fur/LC_MESSAGES/msitools-fur.mo
msitools> [11/93] Building translation po/gl/LC_MESSAGES/msitools-gl.mo
msitools> [12/93] Building translation po/hi/LC_MESSAGES/msitools-hi.mo
msitools> [13/93] Building translation po/fi/LC_MESSAGES/msitools-fi.mo
msitools> [14/93] Building translation po/hr/LC_MESSAGES/msitools-hr.mo
msitools> [15/93] Building translation po/hu/LC_MESSAGES/msitools-hu.mo
msitools> [16/93] Building translation po/id/LC_MESSAGES/msitools-id.mo
msitools> [17/93] Building translation po/it/LC_MESSAGES/msitools-it.mo
msitools> [18/93] Building translation po/ka/LC_MESSAGES/msitools-ka.mo
msitools> [19/93] Building translation po/ko/LC_MESSAGES/msitools-ko.mo
msitools> [20/93] Building translation po/lt/LC_MESSAGES/msitools-lt.mo
msitools> [21/93] Building translation po/lv/LC_MESSAGES/msitools-lv.mo
msitools> [22/93] Building translation po/nb/LC_MESSAGES/msitools-nb.mo
msitools> [23/93] Building translation po/nl/LC_MESSAGES/msitools-nl.mo
msitools> [24/93] Building translation po/oc/LC_MESSAGES/msitools-oc.mo
msitools> [25/93] Building translation po/pl/LC_MESSAGES/msitools-pl.mo
msitools> [26/93] Building translation po/pt/LC_MESSAGES/msitools-pt.mo
msitools> [27/93] Building translation po/pt_BR/LC_MESSAGES/msitools-pt_BR.mo
msitools> [28/93] Building translation po/ro/LC_MESSAGES/msitools-ro.mo
msitools> [29/93] Building translation po/ru/LC_MESSAGES/msitools-ru.mo
msitools> [30/93] Building translation po/sr/LC_MESSAGES/msitools-sr.mo
msitools> [31/93] Building translation po/sl/LC_MESSAGES/msitools-sl.mo
msitools> [32/93] Building translation po/sr@latin/LC_MESSAGES/msitools-sr@latin.mo
msitools> [33/93] Building translation po/sv/LC_MESSAGES/msitools-sv.mo
msitools> [34/93] Building translation po/tg/LC_MESSAGES/msitools-tg.mo
msitools> [35/93] Building translation po/tr/LC_MESSAGES/msitools-tr.mo
msitools> [36/93] Building translation po/zh_CN/LC_MESSAGES/msitools-zh_CN.mo
msitools> [37/93] Building translation po/uk/LC_MESSAGES/msitools-uk.mo
msitools> [38/93] Generating libmsi/sql-parser with a custom command
msitools> ../libmsi/sql-parser.y: warning: 1 reduce/reduce conflict [-Wconflicts-rr]
msitools> ../libmsi/sql-parser.y: note: rerun with option '-Wcounterexamples' to generate conflict counterexamples
msitools> [39/93] Generating GObject enum file libmsi/libmsi-enums.c (wrapped by meson to capture output)
msitools> [40/93] Generating GObject enum file include/libmsi-enums.h (wrapped by meson to capture output)
msitools> [41/93] Compiling C object libmsi/libmsi-1.0.so.0.0.0.p/debug.c.o
msitools> [42/93] Compiling Vala source ../tools/wixl/util.vala
msitools> [43/93] Compiling C object libmsi/libmsi-1.0.so.0.0.0.p/meson-generated_.._libmsi-enums.c.o
msitools> [44/93] Compiling C object libmsi/libmsi-1.0.so.0.0.0.p/create.c.o
msitools> [45/93] Compiling C object libmsi/libmsi-1.0.so.0.0.0.p/drop.c.o
msitools> [46/93] Compiling C object libmsi/libmsi-1.0.so.0.0.0.p/delete.c.o
msitools> [47/93] Compiling C object libmsi/libmsi-1.0.so.0.0.0.p/alter.c.o
msitools> [48/93] Compiling C object libmsi/libmsi-1.0.so.0.0.0.p/libmsi-istream.c.o
msitools> [49/93] Compiling C object libmsi/libmsi-1.0.so.0.0.0.p/insert.c.o
msitools> [50/93] Compiling C object libmsi/libmsi-1.0.so.0.0.0.p/distinct.c.o
msitools> [51/93] Compiling C object libmsi/libmsi-1.0.so.0.0.0.p/select.c.o
msitools> [52/93] Compiling C object libmsi/libmsi-1.0.so.0.0.0.p/storages.c.o
msitools> [53/93] Compiling C object libmsi/libmsi-1.0.so.0.0.0.p/libmsi-query.c.o
msitools> [54/93] Compiling C object libmsi/libmsi-1.0.so.0.0.0.p/update.c.o
msitools> [55/93] Compiling C object libmsi/libmsi-1.0.so.0.0.0.p/tokenize.c.o
msitools> [56/93] Compiling C object libmsi/libmsi-1.0.so.0.0.0.p/streams.c.o
msitools> [57/93] Compiling C object libmsi/libmsi-1.0.so.0.0.0.p/meson-generated_.._sql-parser.c.o
msitools> [58/93] Compiling C object libmsi/libmsi-1.0.so.0.0.0.p/libmsi-record.c.o
msitools> [59/93] Compiling C object libmsi/libmsi-1.0.so.0.0.0.p/string.c.o
msitools> [60/93] Compiling C object tools/msibuild.p/sqldelim.c.o
msitools> [61/93] Compiling C object libmsi/libmsi-1.0.so.0.0.0.p/libmsi-summary-info.c.o
msitools> In file included from /nix/store/nl1lkxkfx6466dlbv0v1azh2dqa7j1k6-glibc-2.42-84-dev/include/string.h:548,
msitools>                  from /nix/store/gak7fcsrc8zq8292liaqi0q1j38fi3bw-glib-2.88.3-dev/include/glib-2.0/glib/galloca.h:35,
msitools>                  from /nix/store/gak7fcsrc8zq8292liaqi0q1j38fi3bw-glib-2.88.3-dev/include/glib-2.0/glib.h:32,
msitools>                  from /nix/store/gak7fcsrc8zq8292liaqi0q1j38fi3bw-glib-2.88.3-dev/include/glib-2.0/gobject/gbinding.h:30,
msitools>                  from /nix/store/gak7fcsrc8zq8292liaqi0q1j38fi3bw-glib-2.88.3-dev/include/glib-2.0/glib-object.h:24,
msitools>                  from ../include/libmsi-summary-info.h:22,
msitools>                  from ../libmsi/libmsi-summary-info.c:25:
msitools> In function 'memcpy',
msitools>     inlined from 'suminfo_persist' at ../libmsi/libmsi-summary-info.c:574:5:
msitools> /nix/store/nl1lkxkfx6466dlbv0v1azh2dqa7j1k6-glibc-2.42-84-dev/include/bits/string_fortified.h:29:10: warning: '__builtin___memcpy_chk' offset [0, 15] is out of the bounds [0, 0] [-Warray-bounds=]
msitools>    29 |   return __builtin___memcpy_chk (__dest, __src, __len,
msitools>       |          ^~~~~~~~~~~~~~~~~~~~~~~~~~~~~~~~~~~~~~~~~~~~~
msitools>    30 |                                  __glibc_objsize0 (__dest));
msitools>       |                                  ~~~~~~~~~~~~~~~~~~~~~~~~~~
msitools> [62/93] Compiling C object tools/msibuild.p/msibuild.c.o
msitools> [63/93] Compiling C object tests/testrecord.p/testrecord.c.o
msitools> ../tests/testrecord.c: In function 'create_temp_file':
msitools> ../tests/testrecord.c:45:5: warning: ignoring return value of 'write' declared with attribute 'warn_unused_result' [-Wunused-result]
msitools>    45 |     write (fd, buffer, sizeof (buffer));
msitools>       |     ^~~~~~~~~~~~~~~~~~~~~~~~~~~~~~~~~~~
msitools> [64/93] Compiling C object libmsi/libmsi-1.0.so.0.0.0.p/libmsi-database.c.o
msitools> [65/93] Compiling C object tools/msiinfo.p/msiinfo.c.o
msitools> [66/93] Compiling C object libmsi/libmsi-1.0.so.0.0.0.p/where.c.o
msitools> [67/93] Compiling C object tools/wixl/libcommon.a.p/meson-generated_util.c.o
msitools> In file included from /nix/store/gak7fcsrc8zq8292liaqi0q1j38fi3bw-glib-2.88.3-dev/include/glib-2.0/glib/gthread.h:34,
msitools>                  from /nix/store/gak7fcsrc8zq8292liaqi0q1j38fi3bw-glib-2.88.3-dev/include/glib-2.0/glib/gasyncqueue.h:34,
msitools>                  from /nix/store/gak7fcsrc8zq8292liaqi0q1j38fi3bw-glib-2.88.3-dev/include/glib-2.0/glib.h:34,
msitools>                  from tools/wixl/libcommon.h:6,
msitools>                  from tools/wixl/libcommon.a.p/util.c:4:
msitools> tools/wixl/libcommon.a.p/util.c: In function 'wixl_error_get_type':
msitools> /nix/store/gak7fcsrc8zq8292liaqi0q1j38fi3bw-glib-2.88.3-dev/include/glib-2.0/glib/gatomic.h:131:5: warning: argument 2 of '__atomic_load' discards 'volatile' qualifier [-Wdiscarded-qualifiers]
msitools>   131 |     __atomic_load (gapg_temp_atomic, &gapg_temp_newval, __ATOMIC_SEQ_CST); \
msitools>       |     ^~~~~~~~~~~~~
msitools> /nix/store/gak7fcsrc8zq8292liaqi0q1j38fi3bw-glib-2.88.3-dev/include/glib-2.0/glib/gthread.h:274:7: note: in expansion of macro 'g_atomic_pointer_get'
msitools>   274 |     (!g_atomic_pointer_get (location) &&                             \
msitools>       |       ^~~~~~~~~~~~~~~~~~~~
msitools> tools/wixl/libcommon.a.p/util.c:87:13: note: in expansion of macro 'g_once_init_enter'
msitools>    87 |         if (g_once_init_enter (&wixl_error_type_id__once)) {
msitools>       |             ^~~~~~~~~~~~~~~~~
msitools> tools/wixl/libcommon.a.p/util.c: In function 'wixl_enum_from_string':
msitools> tools/wixl/libcommon.a.p/util.c:144:36: warning: comparison between pointer and integer
msitools>   144 |         _tmp6_ = (((*_tmp5_).value != NULL) && (g_dup_func != NULL)) ? g_dup_func ((gpointer) (*_tmp5_).value) : ((gpointer) (*_tmp5_).value);
msitools>       |                                    ^~
msitools> tools/wixl/libcommon.a.p/util.c:144:84: warning: cast to pointer from integer of different size [-Wint-to-pointer-cast]
msitools>   144 |         _tmp6_ = (((*_tmp5_).value != NULL) && (g_dup_func != NULL)) ? g_dup_func ((gpointer) (*_tmp5_).value) : ((gpointer) (*_tmp5_).value);
msitools>       |                                                                                    ^
msitools> tools/wixl/libcommon.a.p/util.c:144:115: warning: cast to pointer from integer of different size [-Wint-to-pointer-cast]
msitools>   144 |         _tmp6_ = (((*_tmp5_).value != NULL) && (g_dup_func != NULL)) ? g_dup_func ((gpointer) (*_tmp5_).value) : ((gpointer) (*_tmp5_).value);
msitools>       |                                                                                                                   ^
msitools> tools/wixl/libcommon.a.p/util.c: In function 'wixl_hash_table_add':
msitools> tools/wixl/libcommon.a.p/util.c:161:42: warning: passing argument 3 of 'g_hash_table_replace' discards 'const' qualifier from pointer target type [-Wdiscarded-qualifiers]
msitools>   161 |         g_hash_table_replace (h, _tmp0_, o);
msitools>       |                                          ^
msitools> In file included from /nix/store/gak7fcsrc8zq8292liaqi0q1j38fi3bw-glib-2.88.3-dev/include/glib-2.0/glib.h:52:
msitools> /nix/store/gak7fcsrc8zq8292liaqi0q1j38fi3bw-glib-2.88.3-dev/include/glib-2.0/glib/ghash.h:78:61: note: expected 'gpointer' {aka 'void *'} but argument is of type 'gconstpointer' {aka 'const void *'}
msitools>    78 |                                             gpointer        value);
msitools>       |                                             ~~~~~~~~~~~~~~~~^~~~~
msitools> tools/wixl/libcommon.a.p/util.c: In function 'wixl_indent':
msitools> tools/wixl/libcommon.a.p/util.c:260:22: warning: unused variable '_l_collection_size_' [-Wunused-variable]
msitools>   260 |                 gint _l_collection_size_ = 0;
msitools>       |                      ^~~~~~~~~~~~~~~~~~~
msitools> tools/wixl/libcommon.a.p/util.c: In function 'string_get_data':
msitools> tools/wixl/libcommon.a.p/util.c:321:14: warning: variable '_res_size_' set but not used [-Wunused-but-set-variable]
msitools>   321 |         gint _res_size_;
msitools>       |              ^~~~~~~~~~
msitools> tools/wixl/libcommon.a.p/util.c: In function 'wixl_uuid_from_name':
msitools> tools/wixl/libcommon.a.p/util.c:358:14: warning: variable '_tmp6__length1' set but not used [-Wunused-but-set-variable]
msitools>   358 |         gint _tmp6__length1;
msitools>       |              ^~~~~~~~~~~~~~
msitools> tools/wixl/libcommon.a.p/util.c:353:14: warning: variable '_tmp3__length1' set but not used [-Wunused-but-set-variable]
msitools>   353 |         gint _tmp3__length1;
msitools>       |              ^~~~~~~~~~~~~~
msitools> tools/wixl/libcommon.a.p/util.c: In function 'wixl_generate_id':
msitools> tools/wixl/libcommon.a.p/util.c:665:38: warning: variable '_tmp6__length1' set but not used [-Wunused-but-set-variable]
msitools>   665 |                                 gint _tmp6__length1;
msitools>       |                                      ^~~~~~~~~~~~~~
msitools> tools/wixl/libcommon.a.p/util.c:632:14: warning: variable '_args_size_' set but not used [-Wunused-but-set-variable]
msitools>   632 |         gint _args_size_;
msitools>       |              ^~~~~~~~~~~
msitools> tools/wixl/libcommon.a.p/util.c: In function 'wixl_random_id':
msitools> tools/wixl/libcommon.a.p/util.c:750:38: warning: variable '_tmp3__length1' set but not used [-Wunused-but-set-variable]
msitools>   750 |                                 gint _tmp3__length1;
msitools>       |                                      ^~~~~~~~~~~~~~
msitools> tools/wixl/libcommon.a.p/util.c:725:14: warning: variable '_data_size_' set but not used [-Wunused-but-set-variable]
msitools>   725 |         gint _data_size_;
msitools>       |              ^~~~~~~~~~~
msitools> tools/wixl/libcommon.a.p/util.c: In function 'wixl_unix_input_stream_real_close':
msitools> tools/wixl/libcommon.a.p/util.c:1050:31: warning: variable 'self' set but not used [-Wunused-but-set-variable]
msitools>  1050 |         WixlUnixInputStream * self;
msitools>       |                               ^~~~
msitools> tools/wixl/libcommon.a.p/util.c: In function 'wixl_unix_input_stream_class_init':
msitools> tools/wixl/libcommon.a.p/util.c:1085:48: warning: assignment to 'gssize (*)(GInputStream *, void *, gsize,  GCancellable *, GError **)' {aka 'long int (*)(struct _GInputStream *, void *, long unsigned int,  struct _GCancellable *, struct _GError **)'} from incompatible pointer type 'gssize (*)(GInputStream *, guint8 *, gsize,  GCancellable *, GError **)' {aka 'long int (*)(struct _GInputStream *, unsigned char *, long unsigned int,  struct _GCancellable *, struct _GError **)'} [-Wincompatible-pointer-types]
msitools>  1085 |         ((GInputStreamClass *) klass)->read_fn = (gssize (*) (GInputStream*, guint8*, gsize, GCancellable*, GError**)) wixl_unix_input_stream_real_read;
msitools>       |                                                ^
msitools> tools/wixl/libcommon.a.p/util.c:1030:1: note: 'wixl_unix_input_stream_real_read' declared here
msitools>  1030 | wixl_unix_input_stream_real_read (GInputStream* base,
msitools>       | ^~~~~~~~~~~~~~~~~~~~~~~~~~~~~~~~
msitools> tools/wixl/libcommon.a.p/util.c: In function 'wixl_unix_input_stream_finalize':
msitools> tools/wixl/libcommon.a.p/util.c:1103:31: warning: variable 'self' set but not used [-Wunused-but-set-variable]
msitools>  1103 |         WixlUnixInputStream * self;
msitools>       |                               ^~~~
msitools> tools/wixl/libcommon.a.p/util.c: In function 'wixl_unix_input_stream_get_type':
msitools> /nix/store/gak7fcsrc8zq8292liaqi0q1j38fi3bw-glib-2.88.3-dev/include/glib-2.0/glib/gatomic.h:131:5: warning: argument 2 of '__atomic_load' discards 'volatile' qualifier [-Wdiscarded-qualifiers]
msitools>   131 |     __atomic_load (gapg_temp_atomic, &gapg_temp_newval, __ATOMIC_SEQ_CST); \
msitools>       |     ^~~~~~~~~~~~~
msitools> /nix/store/gak7fcsrc8zq8292liaqi0q1j38fi3bw-glib-2.88.3-dev/include/glib-2.0/glib/gthread.h:274:7: note: in expansion of macro 'g_atomic_pointer_get'
msitools>   274 |     (!g_atomic_pointer_get (location) &&                             \
msitools>       |       ^~~~~~~~~~~~~~~~~~~~
msitools> tools/wixl/libcommon.a.p/util.c:1122:13: note: in expansion of macro 'g_once_init_enter'
msitools>  1122 |         if (g_once_init_enter (&wixl_unix_input_stream_type_id__once)) {
msitools>       |             ^~~~~~~~~~~~~~~~~
msitools> [68/93] Linking static target tools/wixl/libcommon.a
msitools> [69/93] Compiling C object libmsi/libmsi-1.0.so.0.0.0.p/table.c.o
msitools> [70/93] Linking target libmsi/libmsi-1.0.so.0.0.0
msitools> [71/93] Generating symbol file libmsi/libmsi-1.0.so.0.0.0.p/libmsi-1.0.so.0.0.0.symbols
msitools> [72/93] Linking target tools/msibuild
msitools> [73/93] Linking target tools/msiinfo
msitools> [74/93] Linking target tests/testrecord
msitools> [75/93] Compiling C object tests/testdatabase.p/testdatabase.c.o
msitools> ../tests/testdatabase.c: In function 'create_file_data':
msitools> ../tests/testdatabase.c:1080:5: warning: ignoring return value of 'write' declared with attribute 'warn_unused_result' [-Wunused-result]
msitools>  1080 |     write(file, data, size ? size : strlen(data));
msitools>       |     ^~~~~~~~~~~~~~~~~~~~~~~~~~~~~~~~~~~~~~~~~~~~~
msitools> ../tests/testdatabase.c:1082:9: warning: ignoring return value of 'write' declared with attribute 'warn_unused_result' [-Wunused-result]
msitools>  1082 |         write(file, "\n", strlen("\n"));
msitools>       |         ^~~~~~~~~~~~~~~~~~~~~~~~~~~~~~~
msitools> ../tests/testdatabase.c: In function 'write_file':
msitools> ../tests/testdatabase.c:1699:5: warning: ignoring return value of 'write' declared with attribute 'warn_unused_result' [-Wunused-result]
msitools>  1699 |     write(file, data, data_size);
msitools>       |     ^~~~~~~~~~~~~~~~~~~~~~~~~~~~
msitools> ../tests/testdatabase.c: In function 'read_file_data':
msitools> ../tests/testdatabase.c:5638:5: warning: ignoring return value of 'read' declared with attribute 'warn_unused_result' [-Wunused-result]
msitools>  5638 |     read(fd, buffer, 512);
msitools>       |     ^~~~~~~~~~~~~~~~~~~~~
msitools> [76/93] Linking target tests/testdatabase
msitools> [77/93] Generating libmsi/Libmsi-1.0.gir with a custom command (wrapped by meson to set env)
msitools> [78/93] Generating libmsi/libmsi-1.0.vapi with a custom command
msitools> [79/93] Generating libmsi/Libmsi-1.0.typelib with a custom command
msitools> [80/93] Compiling Vala source libmsi/libmsi-1.0.vapi ../tools/msiextract.vala
msitools> libgsf-1.vapi:127.3-127.23: warning: Creation method of abstract class cannot be public.
msitools>   127 |               public Input.mmap_new (string filename) throws GLib.Error;
msitools>       |               ^~~~~~~~~~~~~~~~~~~~~
msitools> Compilation succeeded - 1 warning(s)
msitools> [81/93] Compiling Vala source libmsi/libmsi-1.0.vapi ../tools/wixl/wixl-heat.vala tools/wixl/common.vapi
msitools> libgsf-1.vapi:127.3-127.23: warning: Creation method of abstract class cannot be public.
msitools>   127 |               public Input.mmap_new (string filename) throws GLib.Error;
msitools>       |               ^~~~~~~~~~~~~~~~~~~~~
msitools> Compilation succeeded - 1 warning(s)
msitools> [82/93] Compiling C object tools/wixl/wixl-heat.p/meson-generated_wixl-heat.c.o
msitools> tools/wixl/wixl-heat.p/wixl-heat.c: In function 'filtered':
msitools> tools/wixl/wixl-heat.p/wixl-heat.c:80:22: warning: unused variable '_f_collection_size_' [-Wunused-variable]
msitools>    80 |                 gint _f_collection_size_ = 0;
msitools>       |                      ^~~~~~~~~~~~~~~~~~~
msitools> tools/wixl/wixl-heat.p/wixl-heat.c: In function '_vala_main':
msitools> tools/wixl/wixl-heat.p/wixl-heat.c:725:54: warning: variable '_tmp65__length1' set but not used [-Wunused-but-set-variable]
msitools>   725 |                                                 gint _tmp65__length1;
msitools>       |                                                      ^~~~~~~~~~~~~~~
msitools> tools/wixl/wixl-heat.p/wixl-heat.c:739:54: warning: variable '_tmp69__length1' set but not used [-Wunused-but-set-variable]
msitools>   739 |                                                 gint _tmp69__length1;
msitools>       |                                                      ^~~~~~~~~~~~~~~
msitools> tools/wixl/wixl-heat.p/wixl-heat.c:736:54: warning: variable '_tmp67__length1' set but not used [-Wunused-but-set-variable]
msitools>   736 |                                                 gint _tmp67__length1;
msitools>       |                                                      ^~~~~~~~~~~~~~~
msitools> tools/wixl/wixl-heat.p/wixl-heat.c:717:46: warning: variable '_tmp63__length1' set but not used [-Wunused-but-set-variable]
msitools>   717 |                                         gint _tmp63__length1;
msitools>       |                                              ^~~~~~~~~~~~~~~
msitools> tools/wixl/wixl-heat.p/wixl-heat.c:759:49: warning: variable '_tmp72_' set but not used [-Wunused-but-set-variable]
msitools>   759 |                                         gchar** _tmp72_;
msitools>       |                                                 ^~~~~~~
msitools> tools/wixl/wixl-heat.p/wixl-heat.c:808:46: warning: variable '_tmp88__length1' set but not used [-Wunused-but-set-variable]
msitools>   808 |                                         gint _tmp88__length1;
msitools>       |                                              ^~~~~~~~~~~~~~~
msitools> tools/wixl/wixl-heat.p/wixl-heat.c:801:49: warning: variable '_tmp83_' set but not used [-Wunused-but-set-variable]
msitools>   801 |                                         gchar** _tmp83_;
msitools>       |                                                 ^~~~~~~
msitools> tools/wixl/wixl-heat.p/wixl-heat.c:638:30: warning: variable '_tmp60__length1' set but not used [-Wunused-but-set-variable]
msitools>   638 |                         gint _tmp60__length1;
msitools>       |                              ^~~~~~~~~~~~~~~
msitools> tools/wixl/wixl-heat.p/wixl-heat.c:635:30: warning: variable '_path_size_' set but not used [-Wunused-but-set-variable]
msitools>   635 |                         gint _path_size_;
msitools>       |                              ^~~~~~~~~~~
msitools> tools/wixl/wixl-heat.p/wixl-heat.c:1004:22: warning: unused variable '_l_collection_size_' [-Wunused-variable]
msitools>  1004 |                 gint _l_collection_size_ = 0;
msitools>       |                      ^~~~~~~~~~~~~~~~~~~
msitools> tools/wixl/wixl-heat.p/wixl-heat.c:458:14: warning: variable '_last_path_size_' set but not used [-Wunused-but-set-variable]
msitools>   458 |         gint _last_path_size_;
msitools>       |              ^~~~~~~~~~~~~~~~
msitools> [83/93] Compiling C object tools/msiextract.p/meson-generated_msiextract.c.o
msitools> tools/msiextract.p/msiextract.c: In function 'get_long_name':
msitools> tools/msiextract.p/msiextract.c:106:22: warning: variable '_tmp3__length1' set but not used [-Wunused-but-set-variable]
msitools>   106 |                 gint _tmp3__length1;
msitools>       |                      ^~~~~~~~~~~~~~
msitools> tools/msiextract.p/msiextract.c:93:17: warning: variable '_tmp2_' set but not used [-Wunused-but-set-variable]
msitools>    93 |         gchar** _tmp2_;
msitools>       |                 ^~~~~~
msitools> tools/msiextract.p/msiextract.c:92:14: warning: variable '_names_size_' set but not used [-Wunused-but-set-variable]
msitools>    92 |         gint _names_size_;
msitools>       |              ^~~~~~~~~~~~
msitools> tools/msiextract.p/msiextract.c: In function '_vala_main':
msitools> tools/msiextract.p/msiextract.c:1332:30: warning: unused variable '_file_collection_size_' [-Wunused-variable]
msitools>  1332 |                         gint _file_collection_size_ = 0;
msitools>       |                              ^~~~~~~~~~~~~~~~~~~~~~
msitools> tools/msiextract.p/msiextract.c:1228:17: warning: variable '_tmp15_' set but not used [-Wunused-but-set-variable]
msitools>  1228 |         gchar** _tmp15_;
msitools>       |                 ^~~~~~~
msitools> tools/msiextract.p/msiextract.c: At top level:
msitools> tools/msiextract.p/msiextract.c:250:1: warning: 'block1_data_ref' defined but not used [-Wunused-function]
msitools>   250 | block1_data_ref (Block1Data* _data1_)
msitools>       | ^~~~~~~~~~~~~~~
msitools> [84/93] Compiling Vala source libmsi/libmsi-1.0.vapi ../tools/wixl/builder.vala ../tools/wixl/msi-default.vala ../tools/wixl/msi.vala ../tools/wixl/preprocessor.vala ../tools/wixl/wix.vala ../tools/wixl/wixl.vala tools/wixl/common.vapi
msitools> Command-line option `--use-header` is deprecated and will be ignored
msitools> libgsf-1.vapi:127.3-127.23: warning: Creation method of abstract class cannot be public.
msitools>   127 |               public Input.mmap_new (string filename) throws GLib.Error;
msitools>       |               ^~~~~~~~~~~~~~~~~~~~~
msitools> ../tools/wixl/msi.vala:653.123-653.139: warning: parameter without default follows parameter with default
msitools>   653 |         public void add (string Component, string? ComponentId, string Directory, int Attributes, string? KeyPath = null, string? Condition) throws GLib.Error {
msitools>       |                                                                                                                           ^~~~~~~~~~~~~~~~~
msitools> Compilation succeeded - 2 warning(s)
msitools> [85/93] Linking target tools/wixl/wixl-heat
msitools> [86/93] Linking target tools/msiextract
msitools> [87/93] Compiling C object tools/wixl/wixl.p/meson-generated_wixl.c.o
msitools> tools/wixl/wixl.p/wixl.c: In function 'wixl_main':
msitools> tools/wixl/wixl.p/wixl.c:442:30: warning: variable '_tmp28__length1' set but not used [-Wunused-but-set-variable]
msitools>   442 |                         gint _tmp28__length1;
msitools>       |                              ^~~~~~~~~~~~~~~
msitools> tools/wixl/wixl.p/wixl.c:435:22: warning: variable '_tmp26__length1' set but not used [-Wunused-but-set-variable]
msitools>   435 |                 gint _tmp26__length1;
msitools>       |                      ^~~~~~~~~~~~~~~
msitools> tools/wixl/wixl.p/wixl.c:468:22: warning: unused variable '_i_collection_size_' [-Wunused-variable]
msitools>   468 |                 gint _i_collection_size_ = 0;
msitools>       |                      ^~~~~~~~~~~~~~~~~~~
msitools> tools/wixl/wixl.p/wixl.c:590:54: warning: variable '_tmp56__length1' set but not used [-Wunused-but-set-variable]
msitools>   590 |                                                 gint _tmp56__length1;
msitools>       |                                                      ^~~~~~~~~~~~~~~
msitools> tools/wixl/wixl.p/wixl.c:569:49: warning: variable '_tmp55_' set but not used [-Wunused-but-set-variable]
msitools>   569 |                                         gchar** _tmp55_;
msitools>       |                                                 ^~~~~~~
msitools> tools/wixl/wixl.p/wixl.c:565:46: warning: variable '_tmp51__length1' set but not used [-Wunused-but-set-variable]
msitools>   565 |                                         gint _tmp51__length1;
msitools>       |                                              ^~~~~~~~~~~~~~~
msitools> tools/wixl/wixl.p/wixl.c:562:46: warning: variable '_def_size_' set but not used [-Wunused-but-set-variable]
msitools>   562 |                                         gint _def_size_;
msitools>       |                                              ^~~~~~~~~~
msitools> tools/wixl/wixl.p/wixl.c:547:30: warning: unused variable '_d_collection_size_' [-Wunused-variable]
msitools>   547 |                         gint _d_collection_size_ = 0;
msitools>       |                              ^~~~~~~~~~~~~~~~~~~
msitools> tools/wixl/wixl.p/wixl.c:617:30: warning: unused variable '_arg_collection_size_' [-Wunused-variable]
msitools>   617 |                         gint _arg_collection_size_ = 0;
msitools>       |                              ^~~~~~~~~~~~~~~~~~~~~
msitools> tools/wixl/wixl.p/wixl.c:313:17: warning: variable '_tmp22_' set but not used [-Wunused-but-set-variable]
msitools>   313 |         gchar** _tmp22_;
msitools>       |                 ^~~~~~~
msitools> [88/93] Compiling C object tools/wixl/wixl.p/meson-generated_msi-default.c.o
msitools> In file included from /nix/store/gak7fcsrc8zq8292liaqi0q1j38fi3bw-glib-2.88.3-dev/include/glib-2.0/glib/gthread.h:34,
msitools>                  from /nix/store/gak7fcsrc8zq8292liaqi0q1j38fi3bw-glib-2.88.3-dev/include/glib-2.0/glib/gasyncqueue.h:34,
msitools>                  from /nix/store/gak7fcsrc8zq8292liaqi0q1j38fi3bw-glib-2.88.3-dev/include/glib-2.0/glib.h:34,
msitools>                  from /nix/store/gak7fcsrc8zq8292liaqi0q1j38fi3bw-glib-2.88.3-dev/include/glib-2.0/gobject/gbinding.h:30,
msitools>                  from /nix/store/gak7fcsrc8zq8292liaqi0q1j38fi3bw-glib-2.88.3-dev/include/glib-2.0/glib-object.h:24,
msitools>                  from ./wixl.h:6,
msitools>                  from tools/wixl/wixl.p/msi-default.c:4:
msitools> tools/wixl/wixl.p/msi-default.c: In function 'wixl_msi_default_action_flags_get_type':
msitools> /nix/store/gak7fcsrc8zq8292liaqi0q1j38fi3bw-glib-2.88.3-dev/include/glib-2.0/glib/gatomic.h:131:5: warning: argument 2 of '__atomic_load' discards 'volatile' qualifier [-Wdiscarded-qualifiers]
msitools>   131 |     __atomic_load (gapg_temp_atomic, &gapg_temp_newval, __ATOMIC_SEQ_CST); \
msitools>       |     ^~~~~~~~~~~~~
msitools> /nix/store/gak7fcsrc8zq8292liaqi0q1j38fi3bw-glib-2.88.3-dev/include/glib-2.0/glib/gthread.h:274:7: note: in expansion of macro 'g_atomic_pointer_get'
msitools>   274 |     (!g_atomic_pointer_get (location) &&                             \
msitools>       |       ^~~~~~~~~~~~~~~~~~~~
msitools> tools/wixl/wixl.p/msi-default.c:51:13: note: in expansion of macro 'g_once_init_enter'
msitools>    51 |         if (g_once_init_enter (&wixl_msi_default_action_flags_type_id__once)) {
msitools>       |             ^~~~~~~~~~~~~~~~~
msitools> tools/wixl/wixl.p/msi-default.c: In function 'wixl_msi_default_action_get_type':
msitools> /nix/store/gak7fcsrc8zq8292liaqi0q1j38fi3bw-glib-2.88.3-dev/include/glib-2.0/glib/gatomic.h:131:5: warning: argument 2 of '__atomic_load' discards 'volatile' qualifier [-Wdiscarded-qualifiers]
msitools>   131 |     __atomic_load (gapg_temp_atomic, &gapg_temp_newval, __ATOMIC_SEQ_CST); \
msitools>       |     ^~~~~~~~~~~~~
msitools> /nix/store/gak7fcsrc8zq8292liaqi0q1j38fi3bw-glib-2.88.3-dev/include/glib-2.0/glib/gthread.h:274:7: note: in expansion of macro 'g_atomic_pointer_get'
msitools>   274 |     (!g_atomic_pointer_get (location) &&                             \
msitools>       |       ^~~~~~~~~~~~~~~~~~~~
msitools> tools/wixl/wixl.p/msi-default.c:72:13: note: in expansion of macro 'g_once_init_enter'
msitools>    72 |         if (g_once_init_enter (&wixl_msi_default_action_type_id__once)) {
msitools>       |             ^~~~~~~~~~~~~~~~~
msitools> tools/wixl/wixl.p/msi-default.c: In function 'wixl_msi_default_action_info_get_type':
msitools> /nix/store/gak7fcsrc8zq8292liaqi0q1j38fi3bw-glib-2.88.3-dev/include/glib-2.0/glib/gatomic.h:131:5: warning: argument 2 of '__atomic_load' discards 'volatile' qualifier [-Wdiscarded-qualifiers]
msitools>   131 |     __atomic_load (gapg_temp_atomic, &gapg_temp_newval, __ATOMIC_SEQ_CST); \
msitools>       |     ^~~~~~~~~~~~~
msitools> /nix/store/gak7fcsrc8zq8292liaqi0q1j38fi3bw-glib-2.88.3-dev/include/glib-2.0/glib/gthread.h:274:7: note: in expansion of macro 'g_atomic_pointer_get'
msitools>   274 |     (!g_atomic_pointer_get (location) &&                             \
msitools>       |       ^~~~~~~~~~~~~~~~~~~~
msitools> tools/wixl/wixl.p/msi-default.c:217:13: note: in expansion of macro 'g_once_init_enter'
msitools>   217 |         if (g_once_init_enter (&wixl_msi_default_action_info_type_id__once)) {
msitools>       |             ^~~~~~~~~~~~~~~~~
msitools> tools/wixl/wixl.p/msi-default.c: In function 'wixl_msi_default_get_type':
msitools> /nix/store/gak7fcsrc8zq8292liaqi0q1j38fi3bw-glib-2.88.3-dev/include/glib-2.0/glib/gatomic.h:131:5: warning: argument 2 of '__atomic_load' discards 'volatile' qualifier [-Wdiscarded-qualifiers]
msitools>   131 |     __atomic_load (gapg_temp_atomic, &gapg_temp_newval, __ATOMIC_SEQ_CST); \
msitools>       |     ^~~~~~~~~~~~~
msitools> /nix/store/gak7fcsrc8zq8292liaqi0q1j38fi3bw-glib-2.88.3-dev/include/glib-2.0/glib/gthread.h:274:7: note: in expansion of macro 'g_atomic_pointer_get'
msitools>   274 |     (!g_atomic_pointer_get (location) &&                             \
msitools>       |       ^~~~~~~~~~~~~~~~~~~~
msitools> tools/wixl/wixl.p/msi-default.c:396:13: note: in expansion of macro 'g_once_init_enter'
msitools>   396 |         if (g_once_init_enter (&wixl_msi_default_type_id__once)) {
msitools>       |             ^~~~~~~~~~~~~~~~~
msitools> [89/93] Compiling C object tools/wixl/wixl.p/meson-generated_preprocessor.c.o
msitools> tools/wixl/wixl.p/preprocessor.c: In function 'wixl_preprocessor_eval_variable':
msitools> tools/wixl/wixl.p/preprocessor.c:519:38: warning: variable '_tmp9__length1' set but not used [-Wunused-but-set-variable]
msitools>   519 |                                 gint _tmp9__length1;
msitools>       |                                      ^~~~~~~~~~~~~~
msitools> tools/wixl/wixl.p/preprocessor.c:536:38: warning: variable '_tmp12__length1' set but not used [-Wunused-but-set-variable]
msitools>   536 |                                 gint _tmp12__length1;
msitools>       |                                      ^~~~~~~~~~~~~~~
msitools> tools/wixl/wixl.p/preprocessor.c:555:38: warning: variable '_tmp16__length1' set but not used [-Wunused-but-set-variable]
msitools>   555 |                                 gint _tmp16__length1;
msitools>       |                                      ^~~~~~~~~~~~~~~
msitools> tools/wixl/wixl.p/preprocessor.c:483:14: warning: variable '_tmp4__length1' set but not used [-Wunused-but-set-variable]
msitools>   483 |         gint _tmp4__length1;
msitools>       |              ^~~~~~~~~~~~~~
msitools> tools/wixl/wixl.p/preprocessor.c:480:17: warning: variable '_tmp2_' set but not used [-Wunused-but-set-variable]
msitools>   480 |         gchar** _tmp2_;
msitools>       |                 ^~~~~~
msitools> tools/wixl/wixl.p/preprocessor.c:479:14: warning: variable '_var_size_' set but not used [-Wunused-but-set-variable]
msitools>   479 |         gint _var_size_;
msitools>       |              ^~~~~~~~~~
msitools> In file included from /nix/store/gak7fcsrc8zq8292liaqi0q1j38fi3bw-glib-2.88.3-dev/include/glib-2.0/glib/gthread.h:34,
msitools>                  from /nix/store/gak7fcsrc8zq8292liaqi0q1j38fi3bw-glib-2.88.3-dev/include/glib-2.0/glib/gasyncqueue.h:34,
msitools>                  from /nix/store/gak7fcsrc8zq8292liaqi0q1j38fi3bw-glib-2.88.3-dev/include/glib-2.0/glib.h:34,
msitools>                  from /nix/store/gak7fcsrc8zq8292liaqi0q1j38fi3bw-glib-2.88.3-dev/include/glib-2.0/gobject/gbinding.h:30,
msitools>                  from /nix/store/gak7fcsrc8zq8292liaqi0q1j38fi3bw-glib-2.88.3-dev/include/glib-2.0/glib-object.h:24,
msitools>                  from tools/wixl/wixl.p/preprocessor.c:4:
msitools> tools/wixl/wixl.p/preprocessor.c: In function '_thread_safe_regex_init':
msitools> /nix/store/gak7fcsrc8zq8292liaqi0q1j38fi3bw-glib-2.88.3-dev/include/glib-2.0/glib/gatomic.h:131:5: warning: argument 2 of '__atomic_load' discards 'volatile' qualifier [-Wdiscarded-qualifiers]
msitools>   131 |     __atomic_load (gapg_temp_atomic, &gapg_temp_newval, __ATOMIC_SEQ_CST); \
msitools>       |     ^~~~~~~~~~~~~
msitools> /nix/store/gak7fcsrc8zq8292liaqi0q1j38fi3bw-glib-2.88.3-dev/include/glib-2.0/glib/gthread.h:274:7: note: in expansion of macro 'g_atomic_pointer_get'
msitools>   274 |     (!g_atomic_pointer_get (location) &&                             \
msitools>       |       ^~~~~~~~~~~~~~~~~~~~
msitools> tools/wixl/wixl.p/preprocessor.c:950:13: note: in expansion of macro 'g_once_init_enter'
msitools>   950 |         if (g_once_init_enter ((volatile gsize*) re)) {
msitools>       |             ^~~~~~~~~~~~~~~~~
msitools> tools/wixl/wixl.p/preprocessor.c: In function 'wixl_preprocessor_include':
msitools> tools/wixl/wixl.p/preprocessor.c:1858:22: warning: unused variable '_inc_collection_size_' [-Wunused-variable]
msitools>  1858 |                 gint _inc_collection_size_ = 0;
msitools>       |                      ^~~~~~~~~~~~~~~~~~~~~
msitools> tools/wixl/wixl.p/preprocessor.c: In function 'wixl_preprocessor_eval_condition_op_get_type':
msitools> /nix/store/gak7fcsrc8zq8292liaqi0q1j38fi3bw-glib-2.88.3-dev/include/glib-2.0/glib/gatomic.h:131:5: warning: argument 2 of '__atomic_load' discards 'volatile' qualifier [-Wdiscarded-qualifiers]
msitools>   131 |     __atomic_load (gapg_temp_atomic, &gapg_temp_newval, __ATOMIC_SEQ_CST); \
msitools>       |     ^~~~~~~~~~~~~
msitools> /nix/store/gak7fcsrc8zq8292liaqi0q1j38fi3bw-glib-2.88.3-dev/include/glib-2.0/glib/gthread.h:274:7: note: in expansion of macro 'g_atomic_pointer_get'
msitools>   274 |     (!g_atomic_pointer_get (location) &&                             \
msitools>       |       ^~~~~~~~~~~~~~~~~~~~
msitools> tools/wixl/wixl.p/preprocessor.c:1953:13: note: in expansion of macro 'g_once_init_enter'
msitools>  1953 |         if (g_once_init_enter (&wixl_preprocessor_eval_condition_op_type_id__once)) {
msitools>       |             ^~~~~~~~~~~~~~~~~
msitools> tools/wixl/wixl.p/preprocessor.c: In function 'wixl_preprocessor_eval_condition_accept_symbol':
msitools> tools/wixl/wixl.p/preprocessor.c:2061:29: warning: cast from pointer to integer of different size [-Wpointer-to-int-cast]
msitools>  2061 |                 accepted = ((gint) _tmp2_) == ((gint) symbol);
msitools>       |                             ^
msitools> tools/wixl/wixl.p/preprocessor.c: In function 'wixl_preprocessor_eval_condition_get_type':
msitools> /nix/store/gak7fcsrc8zq8292liaqi0q1j38fi3bw-glib-2.88.3-dev/include/glib-2.0/glib/gatomic.h:131:5: warning: argument 2 of '__atomic_load' discards 'volatile' qualifier [-Wdiscarded-qualifiers]
msitools>   131 |     __atomic_load (gapg_temp_atomic, &gapg_temp_newval, __ATOMIC_SEQ_CST); \
msitools>       |     ^~~~~~~~~~~~~
msitools> /nix/store/gak7fcsrc8zq8292liaqi0q1j38fi3bw-glib-2.88.3-dev/include/glib-2.0/glib/gthread.h:274:7: note: in expansion of macro 'g_atomic_pointer_get'
msitools>   274 |     (!g_atomic_pointer_get (location) &&                             \
msitools>       |       ^~~~~~~~~~~~~~~~~~~~
msitools> tools/wixl/wixl.p/preprocessor.c:2635:13: note: in expansion of macro 'g_once_init_enter'
msitools>  2635 |         if (g_once_init_enter (&wixl_preprocessor_eval_condition_type_id__once)) {
msitools>       |             ^~~~~~~~~~~~~~~~~
msitools> tools/wixl/wixl.p/preprocessor.c: In function 'wixl_preprocessor_location_get_type':
msitools> /nix/store/gak7fcsrc8zq8292liaqi0q1j38fi3bw-glib-2.88.3-dev/include/glib-2.0/glib/gatomic.h:131:5: warning: argument 2 of '__atomic_load' discards 'volatile' qualifier [-Wdiscarded-qualifiers]
msitools>   131 |     __atomic_load (gapg_temp_atomic, &gapg_temp_newval, __ATOMIC_SEQ_CST); \
msitools>       |     ^~~~~~~~~~~~~
msitools> /nix/store/gak7fcsrc8zq8292liaqi0q1j38fi3bw-glib-2.88.3-dev/include/glib-2.0/glib/gthread.h:274:7: note: in expansion of macro 'g_atomic_pointer_get'
msitools>   274 |     (!g_atomic_pointer_get (location) &&                             \
msitools>       |       ^~~~~~~~~~~~~~~~~~~~
msitools> tools/wixl/wixl.p/preprocessor.c:2727:13: note: in expansion of macro 'g_once_init_enter'
msitools>  2727 |         if (g_once_init_enter (&wixl_preprocessor_location_type_id__once)) {
msitools>       |             ^~~~~~~~~~~~~~~~~
msitools> tools/wixl/wixl.p/preprocessor.c: In function 'wixl_preprocessor_if_context_state_get_type':
msitools> /nix/store/gak7fcsrc8zq8292liaqi0q1j38fi3bw-glib-2.88.3-dev/include/glib-2.0/glib/gatomic.h:131:5: warning: argument 2 of '__atomic_load' discards 'volatile' qualifier [-Wdiscarded-qualifiers]
msitools>   131 |     __atomic_load (gapg_temp_atomic, &gapg_temp_newval, __ATOMIC_SEQ_CST); \
msitools>       |     ^~~~~~~~~~~~~
msitools> /nix/store/gak7fcsrc8zq8292liaqi0q1j38fi3bw-glib-2.88.3-dev/include/glib-2.0/glib/gthread.h:274:7: note: in expansion of macro 'g_atomic_pointer_get'
msitools>   274 |     (!g_atomic_pointer_get (location) &&                             \
msitools>       |       ^~~~~~~~~~~~~~~~~~~~
msitools> tools/wixl/wixl.p/preprocessor.c:2768:13: note: in expansion of macro 'g_once_init_enter'
msitools>  2768 |         if (g_once_init_enter (&wixl_preprocessor_if_context_state_type_id__once)) {
msitools>       |             ^~~~~~~~~~~~~~~~~
msitools> tools/wixl/wixl.p/preprocessor.c: In function 'wixl_preprocessor_if_context_get_type':
msitools> /nix/store/gak7fcsrc8zq8292liaqi0q1j38fi3bw-glib-2.88.3-dev/include/glib-2.0/glib/gatomic.h:131:5: warning: argument 2 of '__atomic_load' discards 'volatile' qualifier [-Wdiscarded-qualifiers]
msitools>   131 |     __atomic_load (gapg_temp_atomic, &gapg_temp_newval, __ATOMIC_SEQ_CST); \
msitools>       |     ^~~~~~~~~~~~~
msitools> /nix/store/gak7fcsrc8zq8292liaqi0q1j38fi3bw-glib-2.88.3-dev/include/glib-2.0/glib/gthread.h:274:7: note: in expansion of macro 'g_atomic_pointer_get'
msitools>   274 |     (!g_atomic_pointer_get (location) &&                             \
msitools>       |       ^~~~~~~~~~~~~~~~~~~~
msitools> tools/wixl/wixl.p/preprocessor.c:2993:13: note: in expansion of macro 'g_once_init_enter'
msitools>  2993 |         if (g_once_init_enter (&wixl_preprocessor_if_context_type_id__once)) {
msitools>       |             ^~~~~~~~~~~~~~~~~
msitools> tools/wixl/wixl.p/preprocessor.c: In function 'wixl_preprocessor_get_type':
msitools> /nix/store/gak7fcsrc8zq8292liaqi0q1j38fi3bw-glib-2.88.3-dev/include/glib-2.0/glib/gatomic.h:131:5: warning: argument 2 of '__atomic_load' discards 'volatile' qualifier [-Wdiscarded-qualifiers]
msitools>   131 |     __atomic_load (gapg_temp_atomic, &gapg_temp_newval, __ATOMIC_SEQ_CST); \
msitools>       |     ^~~~~~~~~~~~~
msitools> /nix/store/gak7fcsrc8zq8292liaqi0q1j38fi3bw-glib-2.88.3-dev/include/glib-2.0/glib/gthread.h:274:7: note: in expansion of macro 'g_atomic_pointer_get'
msitools>   274 |     (!g_atomic_pointer_get (location) &&                             \
msitools>       |       ^~~~~~~~~~~~~~~~~~~~
msitools> tools/wixl/wixl.p/preprocessor.c:3091:13: note: in expansion of macro 'g_once_init_enter'
msitools>  3091 |         if (g_once_init_enter (&wixl_preprocessor_type_id__once)) {
msitools>       |             ^~~~~~~~~~~~~~~~~
msitools> tools/wixl/wixl.p/preprocessor.c: At top level:
msitools> tools/wixl/wixl.p/preprocessor.c:129:20: warning: 'wixl_preprocessor_location_properties' defined but not used [-Wunused-variable]
msitools>   129 | static GParamSpec* wixl_preprocessor_location_properties[WIXL_PREPROCESSOR_LOCATION_NUM_PROPERTIES];
msitools>       |                    ^~~~~~~~~~~~~~~~~~~~~~~~~~~~~~~~~~~~~
msitools> tools/wixl/wixl.p/preprocessor.c:106:20: warning: 'wixl_preprocessor_eval_condition_properties' defined but not used [-Wunused-variable]
msitools>   106 | static GParamSpec* wixl_preprocessor_eval_condition_properties[WIXL_PREPROCESSOR_EVAL_CONDITION_NUM_PROPERTIES];
msitools>       |                    ^~~~~~~~~~~~~~~~~~~~~~~~~~~~~~~~~~~~~~~~~~~
msitools> tools/wixl/wixl.p/preprocessor.c:51:20: warning: 'wixl_preprocessor_properties' defined but not used [-Wunused-variable]
msitools>    51 | static GParamSpec* wixl_preprocessor_properties[WIXL_PREPROCESSOR_NUM_PROPERTIES];
msitools>       |                    ^~~~~~~~~~~~~~~~~~~~~~~~~~~~
msitools> [90/93] Compiling C object tools/wixl/wixl.p/meson-generated_msi.c.o
msitools> In file included from /nix/store/gak7fcsrc8zq8292liaqi0q1j38fi3bw-glib-2.88.3-dev/include/glib-2.0/glib/gthread.h:34,
msitools>                  from /nix/store/gak7fcsrc8zq8292liaqi0q1j38fi3bw-glib-2.88.3-dev/include/glib-2.0/glib/gasyncqueue.h:34,
msitools>                  from /nix/store/gak7fcsrc8zq8292liaqi0q1j38fi3bw-glib-2.88.3-dev/include/glib-2.0/glib.h:34,
msitools>                  from /nix/store/gak7fcsrc8zq8292liaqi0q1j38fi3bw-glib-2.88.3-dev/include/glib-2.0/gobject/gbinding.h:30,
msitools>                  from /nix/store/gak7fcsrc8zq8292liaqi0q1j38fi3bw-glib-2.88.3-dev/include/glib-2.0/glib-object.h:24,
msitools>                  from ./wixl.h:6,
msitools>                  from tools/wixl/wixl.p/msi.c:4:
msitools> tools/wixl/wixl.p/msi.c: In function 'wixl_msi_table_get_type':
msitools> /nix/store/gak7fcsrc8zq8292liaqi0q1j38fi3bw-glib-2.88.3-dev/include/glib-2.0/glib/gatomic.h:131:5: warning: argument 2 of '__atomic_load' discards 'volatile' qualifier [-Wdiscarded-qualifiers]
msitools>   131 |     __atomic_load (gapg_temp_atomic, &gapg_temp_newval, __ATOMIC_SEQ_CST); \
msitools>       |     ^~~~~~~~~~~~~
msitools> /nix/store/gak7fcsrc8zq8292liaqi0q1j38fi3bw-glib-2.88.3-dev/include/glib-2.0/glib/gthread.h:274:7: note: in expansion of macro 'g_atomic_pointer_get'
msitools>   274 |     (!g_atomic_pointer_get (location) &&                             \
msitools>       |       ^~~~~~~~~~~~~~~~~~~~
msitools> tools/wixl/wixl.p/msi.c:2054:13: note: in expansion of macro 'g_once_init_enter'
msitools>  2054 |         if (g_once_init_enter (&wixl_msi_table_type_id__once)) {
msitools>       |             ^~~~~~~~~~~~~~~~~
msitools> tools/wixl/wixl.p/msi.c: In function 'wixl_msi_table_check_box_get_type':
msitools> /nix/store/gak7fcsrc8zq8292liaqi0q1j38fi3bw-glib-2.88.3-dev/include/glib-2.0/glib/gatomic.h:131:5: warning: argument 2 of '__atomic_load' discards 'volatile' qualifier [-Wdiscarded-qualifiers]
msitools>   131 |     __atomic_load (gapg_temp_atomic, &gapg_temp_newval, __ATOMIC_SEQ_CST); \
msitools>       |     ^~~~~~~~~~~~~
msitools> /nix/store/gak7fcsrc8zq8292liaqi0q1j38fi3bw-glib-2.88.3-dev/include/glib-2.0/glib/gthread.h:274:7: note: in expansion of macro 'g_atomic_pointer_get'
msitools>   274 |     (!g_atomic_pointer_get (location) &&                             \
msitools>       |       ^~~~~~~~~~~~~~~~~~~~
msitools> tools/wixl/wixl.p/msi.c:2160:13: note: in expansion of macro 'g_once_init_enter'
msitools>  2160 |         if (g_once_init_enter (&wixl_msi_table_check_box_type_id__once)) {
msitools>       |             ^~~~~~~~~~~~~~~~~
msitools> tools/wixl/wixl.p/msi.c: In function 'wixl_msi_table_event_mapping_get_type':
msitools> /nix/store/gak7fcsrc8zq8292liaqi0q1j38fi3bw-glib-2.88.3-dev/include/glib-2.0/glib/gatomic.h:131:5: warning: argument 2 of '__atomic_load' discards 'volatile' qualifier [-Wdiscarded-qualifiers]
msitools>   131 |     __atomic_load (gapg_temp_atomic, &gapg_temp_newval, __ATOMIC_SEQ_CST); \
msitools>       |     ^~~~~~~~~~~~~
msitools> /nix/store/gak7fcsrc8zq8292liaqi0q1j38fi3bw-glib-2.88.3-dev/include/glib-2.0/glib/gthread.h:274:7: note: in expansion of macro 'g_atomic_pointer_get'
msitools>   274 |     (!g_atomic_pointer_get (location) &&                             \
msitools>       |       ^~~~~~~~~~~~~~~~~~~~
msitools> tools/wixl/wixl.p/msi.c:2283:13: note: in expansion of macro 'g_once_init_enter'
msitools>  2283 |         if (g_once_init_enter (&wixl_msi_table_event_mapping_type_id__once)) {
msitools>       |             ^~~~~~~~~~~~~~~~~
msitools> tools/wixl/wixl.p/msi.c: In function 'wixl_msi_table_control_get_type':
msitools> /nix/store/gak7fcsrc8zq8292liaqi0q1j38fi3bw-glib-2.88.3-dev/include/glib-2.0/glib/gatomic.h:131:5: warning: argument 2 of '__atomic_load' discards 'volatile' qualifier [-Wdiscarded-qualifiers]
msitools>   131 |     __atomic_load (gapg_temp_atomic, &gapg_temp_newval, __ATOMIC_SEQ_CST); \
msitools>       |     ^~~~~~~~~~~~~
msitools> /nix/store/gak7fcsrc8zq8292liaqi0q1j38fi3bw-glib-2.88.3-dev/include/glib-2.0/glib/gthread.h:274:7: note: in expansion of macro 'g_atomic_pointer_get'
msitools>   274 |     (!g_atomic_pointer_get (location) &&                             \
msitools>       |       ^~~~~~~~~~~~~~~~~~~~
msitools> tools/wixl/wixl.p/msi.c:2522:13: note: in expansion of macro 'g_once_init_enter'
msitools>  2522 |         if (g_once_init_enter (&wixl_msi_table_control_type_id__once)) {
msitools>       |             ^~~~~~~~~~~~~~~~~
msitools> tools/wixl/wixl.p/msi.c: In function 'wixl_msi_table_ui_text_get_type':
msitools> /nix/store/gak7fcsrc8zq8292liaqi0q1j38fi3bw-glib-2.88.3-dev/include/glib-2.0/glib/gatomic.h:131:5: warning: argument 2 of '__atomic_load' discards 'volatile' qualifier [-Wdiscarded-qualifiers]
msitools>   131 |     __atomic_load (gapg_temp_atomic, &gapg_temp_newval, __ATOMIC_SEQ_CST); \
msitools>       |     ^~~~~~~~~~~~~
msitools> /nix/store/gak7fcsrc8zq8292liaqi0q1j38fi3bw-glib-2.88.3-dev/include/glib-2.0/glib/gthread.h:274:7: note: in expansion of macro 'g_atomic_pointer_get'
msitools>   274 |     (!g_atomic_pointer_get (location) &&                             \
msitools>       |       ^~~~~~~~~~~~~~~~~~~~
msitools> tools/wixl/wixl.p/msi.c:2628:13: note: in expansion of macro 'g_once_init_enter'
msitools>  2628 |         if (g_once_init_enter (&wixl_msi_table_ui_text_type_id__once)) {
msitools>       |             ^~~~~~~~~~~~~~~~~
msitools> tools/wixl/wixl.p/msi.c: In function 'wixl_msi_table_text_style_get_type':
msitools> /nix/store/gak7fcsrc8zq8292liaqi0q1j38fi3bw-glib-2.88.3-dev/include/glib-2.0/glib/gatomic.h:131:5: warning: argument 2 of '__atomic_load' discards 'volatile' qualifier [-Wdiscarded-qualifiers]
msitools>   131 |     __atomic_load (gapg_temp_atomic, &gapg_temp_newval, __ATOMIC_SEQ_CST); \
msitools>       |     ^~~~~~~~~~~~~
msitools> /nix/store/gak7fcsrc8zq8292liaqi0q1j38fi3bw-glib-2.88.3-dev/include/glib-2.0/glib/gthread.h:274:7: note: in expansion of macro 'g_atomic_pointer_get'
msitools>   274 |     (!g_atomic_pointer_get (location) &&                             \
msitools>       |       ^~~~~~~~~~~~~~~~~~~~
msitools> tools/wixl/wixl.p/msi.c:2770:13: note: in expansion of macro 'g_once_init_enter'
msitools>  2770 |         if (g_once_init_enter (&wixl_msi_table_text_style_type_id__once)) {
msitools>       |             ^~~~~~~~~~~~~~~~~
msitools> tools/wixl/wixl.p/msi.c: In function 'wixl_msi_table_dialog_get_type':
msitools> /nix/store/gak7fcsrc8zq8292liaqi0q1j38fi3bw-glib-2.88.3-dev/include/glib-2.0/glib/gatomic.h:131:5: warning: argument 2 of '__atomic_load' discards 'volatile' qualifier [-Wdiscarded-qualifiers]
msitools>   131 |     __atomic_load (gapg_temp_atomic, &gapg_temp_newval, __ATOMIC_SEQ_CST); \
msitools>       |     ^~~~~~~~~~~~~
msitools> /nix/store/gak7fcsrc8zq8292liaqi0q1j38fi3bw-glib-2.88.3-dev/include/glib-2.0/glib/gthread.h:274:7: note: in expansion of macro 'g_atomic_pointer_get'
msitools>   274 |     (!g_atomic_pointer_get (location) &&                             \
msitools>       |       ^~~~~~~~~~~~~~~~~~~~
msitools> tools/wixl/wixl.p/msi.c:2966:13: note: in expansion of macro 'g_once_init_enter'
msitools>  2966 |         if (g_once_init_enter (&wixl_msi_table_dialog_type_id__once)) {
msitools>       |             ^~~~~~~~~~~~~~~~~
msitools> tools/wixl/wixl.p/msi.c: In function 'wixl_msi_table_control_event_get_type':
msitools> /nix/store/gak7fcsrc8zq8292liaqi0q1j38fi3bw-glib-2.88.3-dev/include/glib-2.0/glib/gatomic.h:131:5: warning: argument 2 of '__atomic_load' discards 'volatile' qualifier [-Wdiscarded-qualifiers]
msitools>   131 |     __atomic_load (gapg_temp_atomic, &gapg_temp_newval, __ATOMIC_SEQ_CST); \
msitools>       |     ^~~~~~~~~~~~~
msitools> /nix/store/gak7fcsrc8zq8292liaqi0q1j38fi3bw-glib-2.88.3-dev/include/glib-2.0/glib/gthread.h:274:7: note: in expansion of macro 'g_atomic_pointer_get'
msitools>   274 |     (!g_atomic_pointer_get (location) &&                             \
msitools>       |       ^~~~~~~~~~~~~~~~~~~~
msitools> tools/wixl/wixl.p/msi.c:3120:13: note: in expansion of macro 'g_once_init_enter'
msitools>  3120 |         if (g_once_init_enter (&wixl_msi_table_control_event_type_id__once)) {
msitools>       |             ^~~~~~~~~~~~~~~~~
msitools> tools/wixl/wixl.p/msi.c: In function 'wixl_msi_table_control_condition_get_type':
msitools> /nix/store/gak7fcsrc8zq8292liaqi0q1j38fi3bw-glib-2.88.3-dev/include/glib-2.0/glib/gatomic.h:131:5: warning: argument 2 of '__atomic_load' discards 'volatile' qualifier [-Wdiscarded-qualifiers]
msitools>   131 |     __atomic_load (gapg_temp_atomic, &gapg_temp_newval, __ATOMIC_SEQ_CST); \
msitools>       |     ^~~~~~~~~~~~~
msitools> /nix/store/gak7fcsrc8zq8292liaqi0q1j38fi3bw-glib-2.88.3-dev/include/glib-2.0/glib/gthread.h:274:7: note: in expansion of macro 'g_atomic_pointer_get'
msitools>   274 |     (!g_atomic_pointer_get (location) &&                             \
msitools>       |       ^~~~~~~~~~~~~~~~~~~~
msitools> tools/wixl/wixl.p/msi.c:3243:13: note: in expansion of macro 'g_once_init_enter'
msitools>  3243 |         if (g_once_init_enter (&wixl_msi_table_control_condition_type_id__once)) {
msitools>       |             ^~~~~~~~~~~~~~~~~
msitools> tools/wixl/wixl.p/msi.c: In function 'wixl_msi_table_list_box_get_type':
msitools> /nix/store/gak7fcsrc8zq8292liaqi0q1j38fi3bw-glib-2.88.3-dev/include/glib-2.0/glib/gatomic.h:131:5: warning: argument 2 of '__atomic_load' discards 'volatile' qualifier [-Wdiscarded-qualifiers]
msitools>   131 |     __atomic_load (gapg_temp_atomic, &gapg_temp_newval, __ATOMIC_SEQ_CST); \
msitools>       |     ^~~~~~~~~~~~~
msitools> /nix/store/gak7fcsrc8zq8292liaqi0q1j38fi3bw-glib-2.88.3-dev/include/glib-2.0/glib/gthread.h:274:7: note: in expansion of macro 'g_atomic_pointer_get'
msitools>   274 |     (!g_atomic_pointer_get (location) &&                             \
msitools>       |       ^~~~~~~~~~~~~~~~~~~~
msitools> tools/wixl/wixl.p/msi.c:3306:13: note: in expansion of macro 'g_once_init_enter'
msitools>  3306 |         if (g_once_init_enter (&wixl_msi_table_list_box_type_id__once)) {
msitools>       |             ^~~~~~~~~~~~~~~~~
msitools> tools/wixl/wixl.p/msi.c: In function 'wixl_msi_table_radio_button_get_type':
msitools> /nix/store/gak7fcsrc8zq8292liaqi0q1j38fi3bw-glib-2.88.3-dev/include/glib-2.0/glib/gatomic.h:131:5: warning: argument 2 of '__atomic_load' discards 'volatile' qualifier [-Wdiscarded-qualifiers]
msitools>   131 |     __atomic_load (gapg_temp_atomic, &gapg_temp_newval, __ATOMIC_SEQ_CST); \
msitools>       |     ^~~~~~~~~~~~~
msitools> /nix/store/gak7fcsrc8zq8292liaqi0q1j38fi3bw-glib-2.88.3-dev/include/glib-2.0/glib/gthread.h:274:7: note: in expansion of macro 'g_atomic_pointer_get'
msitools>   274 |     (!g_atomic_pointer_get (location) &&                             \
msitools>       |       ^~~~~~~~~~~~~~~~~~~~
msitools> tools/wixl/wixl.p/msi.c:3485:13: note: in expansion of macro 'g_once_init_enter'
msitools>  3485 |         if (g_once_init_enter (&wixl_msi_table_radio_button_type_id__once)) {
msitools>       |             ^~~~~~~~~~~~~~~~~
msitools> tools/wixl/wixl.p/msi.c: In function 'wixl_msi_table_file_hash_get_type':
msitools> /nix/store/gak7fcsrc8zq8292liaqi0q1j38fi3bw-glib-2.88.3-dev/include/glib-2.0/glib/gatomic.h:131:5: warning: argument 2 of '__atomic_load' discards 'volatile' qualifier [-Wdiscarded-qualifiers]
msitools>   131 |     __atomic_load (gapg_temp_atomic, &gapg_temp_newval, __ATOMIC_SEQ_CST); \
msitools>       |     ^~~~~~~~~~~~~
msitools> /nix/store/gak7fcsrc8zq8292liaqi0q1j38fi3bw-glib-2.88.3-dev/include/glib-2.0/glib/gthread.h:274:7: note: in expansion of macro 'g_atomic_pointer_get'
msitools>   274 |     (!g_atomic_pointer_get (location) &&                             \
msitools>       |       ^~~~~~~~~~~~~~~~~~~~
msitools> tools/wixl/wixl.p/msi.c:3655:13: note: in expansion of macro 'g_once_init_enter'
msitools>  3655 |         if (g_once_init_enter (&wixl_msi_table_file_hash_type_id__once)) {
msitools>       |             ^~~~~~~~~~~~~~~~~
msitools> tools/wixl/wixl.p/msi.c: In function 'wixl_msi_table_icon_get_type':
msitools> /nix/store/gak7fcsrc8zq8292liaqi0q1j38fi3bw-glib-2.88.3-dev/include/glib-2.0/glib/gatomic.h:131:5: warning: argument 2 of '__atomic_load' discards 'volatile' qualifier [-Wdiscarded-qualifiers]
msitools>   131 |     __atomic_load (gapg_temp_atomic, &gapg_temp_newval, __ATOMIC_SEQ_CST); \
msitools>       |     ^~~~~~~~~~~~~
msitools> /nix/store/gak7fcsrc8zq8292liaqi0q1j38fi3bw-glib-2.88.3-dev/include/glib-2.0/glib/gthread.h:274:7: note: in expansion of macro 'g_atomic_pointer_get'
msitools>   274 |     (!g_atomic_pointer_get (location) &&                             \
msitools>       |       ^~~~~~~~~~~~~~~~~~~~
msitools> tools/wixl/wixl.p/msi.c:3756:13: note: in expansion of macro 'g_once_init_enter'
msitools>  3756 |         if (g_once_init_enter (&wixl_msi_table_icon_type_id__once)) {
msitools>       |             ^~~~~~~~~~~~~~~~~
msitools> tools/wixl/wixl.p/msi.c: In function 'wixl_msi_table_binary_get_type':
msitools> /nix/store/gak7fcsrc8zq8292liaqi0q1j38fi3bw-glib-2.88.3-dev/include/glib-2.0/glib/gatomic.h:131:5: warning: argument 2 of '__atomic_load' discards 'volatile' qualifier [-Wdiscarded-qualifiers]
msitools>   131 |     __atomic_load (gapg_temp_atomic, &gapg_temp_newval, __ATOMIC_SEQ_CST); \
msitools>       |     ^~~~~~~~~~~~~
msitools> /nix/store/gak7fcsrc8zq8292liaqi0q1j38fi3bw-glib-2.88.3-dev/include/glib-2.0/glib/gthread.h:274:7: note: in expansion of macro 'g_atomic_pointer_get'
msitools>   274 |     (!g_atomic_pointer_get (location) &&                             \
msitools>       |       ^~~~~~~~~~~~~~~~~~~~
msitools> tools/wixl/wixl.p/msi.c:3857:13: note: in expansion of macro 'g_once_init_enter'
msitools>  3857 |         if (g_once_init_enter (&wixl_msi_table_binary_type_id__once)) {
msitools>       |             ^~~~~~~~~~~~~~~~~
msitools> tools/wixl/wixl.p/msi.c: In function 'wixl_msi_table_sequence_sort_topological_visit':
msitools> tools/wixl/wixl.p/msi.c:3987:64: warning: passing argument 1 of '_wixl_msi_table_sequence_action_ref0' discards 'const' qualifier from pointer target type [-Wdiscarded-qualifiers]
msitools>  3987 |                 _tmp3_ = _wixl_msi_table_sequence_action_ref0 (_tmp1_);
msitools>       |                                                                ^~~~~~
msitools> tools/wixl/wixl.p/msi.c:3958:48: note: expected 'gpointer' {aka 'void *'} but argument is of type 'gconstpointer' {aka 'const void *'}
msitools>  3958 | _wixl_msi_table_sequence_action_ref0 (gpointer self)
msitools>       |                                       ~~~~~~~~~^~~~
msitools> tools/wixl/wixl.p/msi.c: In function 'wixl_msi_table_sequence_action_dep_max':
msitools> tools/wixl/wixl.p/msi.c:4372:64: warning: passing argument 1 of '_wixl_msi_table_sequence_action_ref0' discards 'const' qualifier from pointer target type [-Wdiscarded-qualifiers]
msitools>  4372 |                 _tmp3_ = _wixl_msi_table_sequence_action_ref0 (_tmp1_);
msitools>       |                                                                ^~~~~~
msitools> tools/wixl/wixl.p/msi.c:3958:48: note: expected 'gpointer' {aka 'void *'} but argument is of type 'gconstpointer' {aka 'const void *'}
msitools>  3958 | _wixl_msi_table_sequence_action_ref0 (gpointer self)
msitools>       |                                       ~~~~~~~~~^~~~
msitools> tools/wixl/wixl.p/msi.c: In function 'wixl_msi_table_sequence_action_get_type':
msitools> /nix/store/gak7fcsrc8zq8292liaqi0q1j38fi3bw-glib-2.88.3-dev/include/glib-2.0/glib/gatomic.h:131:5: warning: argument 2 of '__atomic_load' discards 'volatile' qualifier [-Wdiscarded-qualifiers]
msitools>   131 |     __atomic_load (gapg_temp_atomic, &gapg_temp_newval, __ATOMIC_SEQ_CST); \
msitools>       |     ^~~~~~~~~~~~~
msitools> /nix/store/gak7fcsrc8zq8292liaqi0q1j38fi3bw-glib-2.88.3-dev/include/glib-2.0/glib/gthread.h:274:7: note: in expansion of macro 'g_atomic_pointer_get'
msitools>   274 |     (!g_atomic_pointer_get (location) &&                             \
msitools>       |       ^~~~~~~~~~~~~~~~~~~~
msitools> tools/wixl/wixl.p/msi.c:4588:13: note: in expansion of macro 'g_once_init_enter'
msitools>  4588 |         if (g_once_init_enter (&wixl_msi_table_sequence_action_type_id__once)) {
msitools>       |             ^~~~~~~~~~~~~~~~~
msitools> tools/wixl/wixl.p/msi.c: In function 'wixl_msi_table_sequence_get_type':
msitools> /nix/store/gak7fcsrc8zq8292liaqi0q1j38fi3bw-glib-2.88.3-dev/include/glib-2.0/glib/gatomic.h:131:5: warning: argument 2 of '__atomic_load' discards 'volatile' qualifier [-Wdiscarded-qualifiers]
msitools>   131 |     __atomic_load (gapg_temp_atomic, &gapg_temp_newval, __ATOMIC_SEQ_CST); \
msitools>       |     ^~~~~~~~~~~~~
msitools> /nix/store/gak7fcsrc8zq8292liaqi0q1j38fi3bw-glib-2.88.3-dev/include/glib-2.0/glib/gthread.h:274:7: note: in expansion of macro 'g_atomic_pointer_get'
msitools>   274 |     (!g_atomic_pointer_get (location) &&                             \
msitools>       |       ^~~~~~~~~~~~~~~~~~~~
msitools> tools/wixl/wixl.p/msi.c:4662:13: note: in expansion of macro 'g_once_init_enter'
msitools>  4662 |         if (g_once_init_enter (&wixl_msi_table_sequence_type_id__once)) {
msitools>       |             ^~~~~~~~~~~~~~~~~
msitools> tools/wixl/wixl.p/msi.c: In function 'wixl_msi_table_admin_execute_sequence_get_type':
msitools> /nix/store/gak7fcsrc8zq8292liaqi0q1j38fi3bw-glib-2.88.3-dev/include/glib-2.0/glib/gatomic.h:131:5: warning: argument 2 of '__atomic_load' discards 'volatile' qualifier [-Wdiscarded-qualifiers]
msitools>   131 |     __atomic_load (gapg_temp_atomic, &gapg_temp_newval, __ATOMIC_SEQ_CST); \
msitools>       |     ^~~~~~~~~~~~~
msitools> /nix/store/gak7fcsrc8zq8292liaqi0q1j38fi3bw-glib-2.88.3-dev/include/glib-2.0/glib/gthread.h:274:7: note: in expansion of macro 'g_atomic_pointer_get'
msitools>   274 |     (!g_atomic_pointer_get (location) &&                             \
msitools>       |       ^~~~~~~~~~~~~~~~~~~~
msitools> tools/wixl/wixl.p/msi.c:4712:13: note: in expansion of macro 'g_once_init_enter'
msitools>  4712 |         if (g_once_init_enter (&wixl_msi_table_admin_execute_sequence_type_id__once)) {
msitools>       |             ^~~~~~~~~~~~~~~~~
msitools> tools/wixl/wixl.p/msi.c: In function 'wixl_msi_table_admin_ui_sequence_get_type':
msitools> /nix/store/gak7fcsrc8zq8292liaqi0q1j38fi3bw-glib-2.88.3-dev/include/glib-2.0/glib/gatomic.h:131:5: warning: argument 2 of '__atomic_load' discards 'volatile' qualifier [-Wdiscarded-qualifiers]
msitools>   131 |     __atomic_load (gapg_temp_atomic, &gapg_temp_newval, __ATOMIC_SEQ_CST); \
msitools>       |     ^~~~~~~~~~~~~
msitools> /nix/store/gak7fcsrc8zq8292liaqi0q1j38fi3bw-glib-2.88.3-dev/include/glib-2.0/glib/gthread.h:274:7: note: in expansion of macro 'g_atomic_pointer_get'
msitools>   274 |     (!g_atomic_pointer_get (location) &&                             \
msitools>       |       ^~~~~~~~~~~~~~~~~~~~
msitools> tools/wixl/wixl.p/msi.c:4762:13: note: in expansion of macro 'g_once_init_enter'
msitools>  4762 |         if (g_once_init_enter (&wixl_msi_table_admin_ui_sequence_type_id__once)) {
msitools>       |             ^~~~~~~~~~~~~~~~~
msitools> tools/wixl/wixl.p/msi.c: In function 'wixl_msi_table_advt_execute_sequence_get_type':
msitools> /nix/store/gak7fcsrc8zq8292liaqi0q1j38fi3bw-glib-2.88.3-dev/include/glib-2.0/glib/gatomic.h:131:5: warning: argument 2 of '__atomic_load' discards 'volatile' qualifier [-Wdiscarded-qualifiers]
msitools>   131 |     __atomic_load (gapg_temp_atomic, &gapg_temp_newval, __ATOMIC_SEQ_CST); \
msitools>       |     ^~~~~~~~~~~~~
msitools> /nix/store/gak7fcsrc8zq8292liaqi0q1j38fi3bw-glib-2.88.3-dev/include/glib-2.0/glib/gthread.h:274:7: note: in expansion of macro 'g_atomic_pointer_get'
msitools>   274 |     (!g_atomic_pointer_get (location) &&                             \
msitools>       |       ^~~~~~~~~~~~~~~~~~~~
msitools> tools/wixl/wixl.p/msi.c:4812:13: note: in expansion of macro 'g_once_init_enter'
msitools>  4812 |         if (g_once_init_enter (&wixl_msi_table_advt_execute_sequence_type_id__once)) {
msitools>       |             ^~~~~~~~~~~~~~~~~
msitools> tools/wixl/wixl.p/msi.c: In function 'wixl_msi_table_install_execute_sequence_get_type':
msitools> /nix/store/gak7fcsrc8zq8292liaqi0q1j38fi3bw-glib-2.88.3-dev/include/glib-2.0/glib/gatomic.h:131:5: warning: argument 2 of '__atomic_load' discards 'volatile' qualifier [-Wdiscarded-qualifiers]
msitools>   131 |     __atomic_load (gapg_temp_atomic, &gapg_temp_newval, __ATOMIC_SEQ_CST); \
msitools>       |     ^~~~~~~~~~~~~
msitools> /nix/store/gak7fcsrc8zq8292liaqi0q1j38fi3bw-glib-2.88.3-dev/include/glib-2.0/glib/gthread.h:274:7: note: in expansion of macro 'g_atomic_pointer_get'
msitools>   274 |     (!g_atomic_pointer_get (location) &&                             \
msitools>       |       ^~~~~~~~~~~~~~~~~~~~
msitools> tools/wixl/wixl.p/msi.c:4862:13: note: in expansion of macro 'g_once_init_enter'
msitools>  4862 |         if (g_once_init_enter (&wixl_msi_table_install_execute_sequence_type_id__once)) {
msitools>       |             ^~~~~~~~~~~~~~~~~
msitools> tools/wixl/wixl.p/msi.c: In function 'wixl_msi_table_install_ui_sequence_get_type':
msitools> /nix/store/gak7fcsrc8zq8292liaqi0q1j38fi3bw-glib-2.88.3-dev/include/glib-2.0/glib/gatomic.h:131:5: warning: argument 2 of '__atomic_load' discards 'volatile' qualifier [-Wdiscarded-qualifiers]
msitools>   131 |     __atomic_load (gapg_temp_atomic, &gapg_temp_newval, __ATOMIC_SEQ_CST); \
msitools>       |     ^~~~~~~~~~~~~
msitools> /nix/store/gak7fcsrc8zq8292liaqi0q1j38fi3bw-glib-2.88.3-dev/include/glib-2.0/glib/gthread.h:274:7: note: in expansion of macro 'g_atomic_pointer_get'
msitools>   274 |     (!g_atomic_pointer_get (location) &&                             \
msitools>       |       ^~~~~~~~~~~~~~~~~~~~
msitools> tools/wixl/wixl.p/msi.c:4912:13: note: in expansion of macro 'g_once_init_enter'
msitools>  4912 |         if (g_once_init_enter (&wixl_msi_table_install_ui_sequence_type_id__once)) {
msitools>       |             ^~~~~~~~~~~~~~~~~
msitools> tools/wixl/wixl.p/msi.c: In function 'wixl_msi_table_error_get_type':
msitools> /nix/store/gak7fcsrc8zq8292liaqi0q1j38fi3bw-glib-2.88.3-dev/include/glib-2.0/glib/gatomic.h:131:5: warning: argument 2 of '__atomic_load' discards 'volatile' qualifier [-Wdiscarded-qualifiers]
msitools>   131 |     __atomic_load (gapg_temp_atomic, &gapg_temp_newval, __ATOMIC_SEQ_CST); \
msitools>       |     ^~~~~~~~~~~~~
msitools> /nix/store/gak7fcsrc8zq8292liaqi0q1j38fi3bw-glib-2.88.3-dev/include/glib-2.0/glib/gthread.h:274:7: note: in expansion of macro 'g_atomic_pointer_get'
msitools>   274 |     (!g_atomic_pointer_get (location) &&                             \
msitools>       |       ^~~~~~~~~~~~~~~~~~~~
msitools> tools/wixl/wixl.p/msi.c:4969:13: note: in expansion of macro 'g_once_init_enter'
msitools>  4969 |         if (g_once_init_enter (&wixl_msi_table_error_type_id__once)) {
msitools>       |             ^~~~~~~~~~~~~~~~~
msitools> tools/wixl/wixl.p/msi.c: In function 'wixl_msi_table_file_get_type':
msitools> /nix/store/gak7fcsrc8zq8292liaqi0q1j38fi3bw-glib-2.88.3-dev/include/glib-2.0/glib/gatomic.h:131:5: warning: argument 2 of '__atomic_load' discards 'volatile' qualifier [-Wdiscarded-qualifiers]
msitools>   131 |     __atomic_load (gapg_temp_atomic, &gapg_temp_newval, __ATOMIC_SEQ_CST); \
msitools>       |     ^~~~~~~~~~~~~
msitools> /nix/store/gak7fcsrc8zq8292liaqi0q1j38fi3bw-glib-2.88.3-dev/include/glib-2.0/glib/gthread.h:274:7: note: in expansion of macro 'g_atomic_pointer_get'
msitools>   274 |     (!g_atomic_pointer_get (location) &&                             \
msitools>       |       ^~~~~~~~~~~~~~~~~~~~
msitools> tools/wixl/wixl.p/msi.c:5137:13: note: in expansion of macro 'g_once_init_enter'
msitools>  5137 |         if (g_once_init_enter (&wixl_msi_table_file_type_id__once)) {
msitools>       |             ^~~~~~~~~~~~~~~~~
msitools> tools/wixl/wixl.p/msi.c: In function 'wixl_msi_table_media_get_type':
msitools> /nix/store/gak7fcsrc8zq8292liaqi0q1j38fi3bw-glib-2.88.3-dev/include/glib-2.0/glib/gatomic.h:131:5: warning: argument 2 of '__atomic_load' discards 'volatile' qualifier [-Wdiscarded-qualifiers]
msitools>   131 |     __atomic_load (gapg_temp_atomic, &gapg_temp_newval, __ATOMIC_SEQ_CST); \
msitools>       |     ^~~~~~~~~~~~~
msitools> /nix/store/gak7fcsrc8zq8292liaqi0q1j38fi3bw-glib-2.88.3-dev/include/glib-2.0/glib/gthread.h:274:7: note: in expansion of macro 'g_atomic_pointer_get'
msitools>   274 |     (!g_atomic_pointer_get (location) &&                             \
msitools>       |       ^~~~~~~~~~~~~~~~~~~~
msitools> tools/wixl/wixl.p/msi.c:5277:13: note: in expansion of macro 'g_once_init_enter'
msitools>  5277 |         if (g_once_init_enter (&wixl_msi_table_media_type_id__once)) {
msitools>       |             ^~~~~~~~~~~~~~~~~
msitools> tools/wixl/wixl.p/msi.c: In function 'wixl_msi_table_upgrade_get_type':
msitools> /nix/store/gak7fcsrc8zq8292liaqi0q1j38fi3bw-glib-2.88.3-dev/include/glib-2.0/glib/gatomic.h:131:5: warning: argument 2 of '__atomic_load' discards 'volatile' qualifier [-Wdiscarded-qualifiers]
msitools>   131 |     __atomic_load (gapg_temp_atomic, &gapg_temp_newval, __ATOMIC_SEQ_CST); \
msitools>       |     ^~~~~~~~~~~~~
msitools> /nix/store/gak7fcsrc8zq8292liaqi0q1j38fi3bw-glib-2.88.3-dev/include/glib-2.0/glib/gthread.h:274:7: note: in expansion of macro 'g_atomic_pointer_get'
msitools>   274 |     (!g_atomic_pointer_get (location) &&                             \
msitools>       |       ^~~~~~~~~~~~~~~~~~~~
msitools> tools/wixl/wixl.p/msi.c:5434:13: note: in expansion of macro 'g_once_init_enter'
msitools>  5434 |         if (g_once_init_enter (&wixl_msi_table_upgrade_type_id__once)) {
msitools>       |             ^~~~~~~~~~~~~~~~~
msitools> tools/wixl/wixl.p/msi.c: In function 'wixl_msi_table_launch_condition_get_type':
msitools> /nix/store/gak7fcsrc8zq8292liaqi0q1j38fi3bw-glib-2.88.3-dev/include/glib-2.0/glib/gatomic.h:131:5: warning: argument 2 of '__atomic_load' discards 'volatile' qualifier [-Wdiscarded-qualifiers]
msitools>   131 |     __atomic_load (gapg_temp_atomic, &gapg_temp_newval, __ATOMIC_SEQ_CST); \
msitools>       |     ^~~~~~~~~~~~~
msitools> /nix/store/gak7fcsrc8zq8292liaqi0q1j38fi3bw-glib-2.88.3-dev/include/glib-2.0/glib/gthread.h:274:7: note: in expansion of macro 'g_atomic_pointer_get'
msitools>   274 |     (!g_atomic_pointer_get (location) &&                             \
msitools>       |       ^~~~~~~~~~~~~~~~~~~~
msitools> tools/wixl/wixl.p/msi.c:5536:13: note: in expansion of macro 'g_once_init_enter'
msitools>  5536 |         if (g_once_init_enter (&wixl_msi_table_launch_condition_type_id__once)) {
msitools>       |             ^~~~~~~~~~~~~~~~~
msitools> tools/wixl/wixl.p/msi.c: In function 'wixl_msi_table_property_get_type':
msitools> /nix/store/gak7fcsrc8zq8292liaqi0q1j38fi3bw-glib-2.88.3-dev/include/glib-2.0/glib/gatomic.h:131:5: warning: argument 2 of '__atomic_load' discards 'volatile' qualifier [-Wdiscarded-qualifiers]
msitools>   131 |     __atomic_load (gapg_temp_atomic, &gapg_temp_newval, __ATOMIC_SEQ_CST); \
msitools>       |     ^~~~~~~~~~~~~
msitools> /nix/store/gak7fcsrc8zq8292liaqi0q1j38fi3bw-glib-2.88.3-dev/include/glib-2.0/glib/gthread.h:274:7: note: in expansion of macro 'g_atomic_pointer_get'
msitools>   274 |     (!g_atomic_pointer_get (location) &&                             \
msitools>       |       ^~~~~~~~~~~~~~~~~~~~
msitools> tools/wixl/wixl.p/msi.c:5637:13: note: in expansion of macro 'g_once_init_enter'
msitools>  5637 |         if (g_once_init_enter (&wixl_msi_table_property_type_id__once)) {
msitools>       |             ^~~~~~~~~~~~~~~~~
msitools> tools/wixl/wixl.p/msi.c: In function 'wixl_msi_table_directory_get_type':
msitools> /nix/store/gak7fcsrc8zq8292liaqi0q1j38fi3bw-glib-2.88.3-dev/include/glib-2.0/glib/gatomic.h:131:5: warning: argument 2 of '__atomic_load' discards 'volatile' qualifier [-Wdiscarded-qualifiers]
msitools>   131 |     __atomic_load (gapg_temp_atomic, &gapg_temp_newval, __ATOMIC_SEQ_CST); \
msitools>       |     ^~~~~~~~~~~~~
msitools> /nix/store/gak7fcsrc8zq8292liaqi0q1j38fi3bw-glib-2.88.3-dev/include/glib-2.0/glib/gthread.h:274:7: note: in expansion of macro 'g_atomic_pointer_get'
msitools>   274 |     (!g_atomic_pointer_get (location) &&                             \
msitools>       |       ^~~~~~~~~~~~~~~~~~~~
msitools> tools/wixl/wixl.p/msi.c:5749:13: note: in expansion of macro 'g_once_init_enter'
msitools>  5749 |         if (g_once_init_enter (&wixl_msi_table_directory_type_id__once)) {
msitools>       |             ^~~~~~~~~~~~~~~~~
msitools> tools/wixl/wixl.p/msi.c: In function 'wixl_msi_table_component_get_type':
msitools> /nix/store/gak7fcsrc8zq8292liaqi0q1j38fi3bw-glib-2.88.3-dev/include/glib-2.0/glib/gatomic.h:131:5: warning: argument 2 of '__atomic_load' discards 'volatile' qualifier [-Wdiscarded-qualifiers]
msitools>   131 |     __atomic_load (gapg_temp_atomic, &gapg_temp_newval, __ATOMIC_SEQ_CST); \
msitools>       |     ^~~~~~~~~~~~~
msitools> /nix/store/gak7fcsrc8zq8292liaqi0q1j38fi3bw-glib-2.88.3-dev/include/glib-2.0/glib/gthread.h:274:7: note: in expansion of macro 'g_atomic_pointer_get'
msitools>   274 |     (!g_atomic_pointer_get (location) &&                             \
msitools>       |       ^~~~~~~~~~~~~~~~~~~~
msitools> tools/wixl/wixl.p/msi.c:5900:13: note: in expansion of macro 'g_once_init_enter'
msitools>  5900 |         if (g_once_init_enter (&wixl_msi_table_component_type_id__once)) {
msitools>       |             ^~~~~~~~~~~~~~~~~
msitools> tools/wixl/wixl.p/msi.c: In function 'wixl_msi_table_feature_components_get_type':
msitools> /nix/store/gak7fcsrc8zq8292liaqi0q1j38fi3bw-glib-2.88.3-dev/include/glib-2.0/glib/gatomic.h:131:5: warning: argument 2 of '__atomic_load' discards 'volatile' qualifier [-Wdiscarded-qualifiers]
msitools>   131 |     __atomic_load (gapg_temp_atomic, &gapg_temp_newval, __ATOMIC_SEQ_CST); \
msitools>       |     ^~~~~~~~~~~~~
msitools> /nix/store/gak7fcsrc8zq8292liaqi0q1j38fi3bw-glib-2.88.3-dev/include/glib-2.0/glib/gthread.h:274:7: note: in expansion of macro 'g_atomic_pointer_get'
msitools>   274 |     (!g_atomic_pointer_get (location) &&                             \
msitools>       |       ^~~~~~~~~~~~~~~~~~~~
msitools> tools/wixl/wixl.p/msi.c:6002:13: note: in expansion of macro 'g_once_init_enter'
msitools>  6002 |         if (g_once_init_enter (&wixl_msi_table_feature_components_type_id__once)) {
msitools>       |             ^~~~~~~~~~~~~~~~~
msitools> tools/wixl/wixl.p/msi.c: In function 'wixl_msi_table_condition_get_type':
msitools> /nix/store/gak7fcsrc8zq8292liaqi0q1j38fi3bw-glib-2.88.3-dev/include/glib-2.0/glib/gatomic.h:131:5: warning: argument 2 of '__atomic_load' discards 'volatile' qualifier [-Wdiscarded-qualifiers]
msitools>   131 |     __atomic_load (gapg_temp_atomic, &gapg_temp_newval, __ATOMIC_SEQ_CST); \
msitools>       |     ^~~~~~~~~~~~~
msitools> /nix/store/gak7fcsrc8zq8292liaqi0q1j38fi3bw-glib-2.88.3-dev/include/glib-2.0/glib/gthread.h:274:7: note: in expansion of macro 'g_atomic_pointer_get'
msitools>   274 |     (!g_atomic_pointer_get (location) &&                             \
msitools>       |       ^~~~~~~~~~~~~~~~~~~~
msitools> tools/wixl/wixl.p/msi.c:6118:13: note: in expansion of macro 'g_once_init_enter'
msitools>  6118 |         if (g_once_init_enter (&wixl_msi_table_condition_type_id__once)) {
msitools>       |             ^~~~~~~~~~~~~~~~~
msitools> tools/wixl/wixl.p/msi.c: In function 'wixl_msi_table_registry_get_type':
msitools> /nix/store/gak7fcsrc8zq8292liaqi0q1j38fi3bw-glib-2.88.3-dev/include/glib-2.0/glib/gatomic.h:131:5: warning: argument 2 of '__atomic_load' discards 'volatile' qualifier [-Wdiscarded-qualifiers]
msitools>   131 |     __atomic_load (gapg_temp_atomic, &gapg_temp_newval, __ATOMIC_SEQ_CST); \
msitools>       |     ^~~~~~~~~~~~~
msitools> /nix/store/gak7fcsrc8zq8292liaqi0q1j38fi3bw-glib-2.88.3-dev/include/glib-2.0/glib/gthread.h:274:7: note: in expansion of macro 'g_atomic_pointer_get'
msitools>   274 |     (!g_atomic_pointer_get (location) &&                             \
msitools>       |       ^~~~~~~~~~~~~~~~~~~~
msitools> tools/wixl/wixl.p/msi.c:6271:13: note: in expansion of macro 'g_once_init_enter'
msitools>  6271 |         if (g_once_init_enter (&wixl_msi_table_registry_type_id__once)) {
msitools>       |             ^~~~~~~~~~~~~~~~~
msitools> tools/wixl/wixl.p/msi.c: In function 'wixl_msi_table_shortcut_get_type':
msitools> /nix/store/gak7fcsrc8zq8292liaqi0q1j38fi3bw-glib-2.88.3-dev/include/glib-2.0/glib/gatomic.h:131:5: warning: argument 2 of '__atomic_load' discards 'volatile' qualifier [-Wdiscarded-qualifiers]
msitools>   131 |     __atomic_load (gapg_temp_atomic, &gapg_temp_newval, __ATOMIC_SEQ_CST); \
msitools>       |     ^~~~~~~~~~~~~
msitools> /nix/store/gak7fcsrc8zq8292liaqi0q1j38fi3bw-glib-2.88.3-dev/include/glib-2.0/glib/gthread.h:274:7: note: in expansion of macro 'g_atomic_pointer_get'
msitools>   274 |     (!g_atomic_pointer_get (location) &&                             \
msitools>       |       ^~~~~~~~~~~~~~~~~~~~
msitools> tools/wixl/wixl.p/msi.c:6502:13: note: in expansion of macro 'g_once_init_enter'
msitools>  6502 |         if (g_once_init_enter (&wixl_msi_table_shortcut_type_id__once)) {
msitools>       |             ^~~~~~~~~~~~~~~~~
msitools> tools/wixl/wixl.p/msi.c: In function 'wixl_msi_table_create_folder_get_type':
msitools> /nix/store/gak7fcsrc8zq8292liaqi0q1j38fi3bw-glib-2.88.3-dev/include/glib-2.0/glib/gatomic.h:131:5: warning: argument 2 of '__atomic_load' discards 'volatile' qualifier [-Wdiscarded-qualifiers]
msitools>   131 |     __atomic_load (gapg_temp_atomic, &gapg_temp_newval, __ATOMIC_SEQ_CST); \
msitools>       |     ^~~~~~~~~~~~~
msitools> /nix/store/gak7fcsrc8zq8292liaqi0q1j38fi3bw-glib-2.88.3-dev/include/glib-2.0/glib/gthread.h:274:7: note: in expansion of macro 'g_atomic_pointer_get'
msitools>   274 |     (!g_atomic_pointer_get (location) &&                             \
msitools>       |       ^~~~~~~~~~~~~~~~~~~~
msitools> tools/wixl/wixl.p/msi.c:6603:13: note: in expansion of macro 'g_once_init_enter'
msitools>  6603 |         if (g_once_init_enter (&wixl_msi_table_create_folder_type_id__once)) {
msitools>       |             ^~~~~~~~~~~~~~~~~
msitools> tools/wixl/wixl.p/msi.c: In function 'wixl_msi_table_remove_file_get_type':
msitools> /nix/store/gak7fcsrc8zq8292liaqi0q1j38fi3bw-glib-2.88.3-dev/include/glib-2.0/glib/gatomic.h:131:5: warning: argument 2 of '__atomic_load' discards 'volatile' qualifier [-Wdiscarded-qualifiers]
msitools>   131 |     __atomic_load (gapg_temp_atomic, &gapg_temp_newval, __ATOMIC_SEQ_CST); \
msitools>       |     ^~~~~~~~~~~~~
msitools> /nix/store/gak7fcsrc8zq8292liaqi0q1j38fi3bw-glib-2.88.3-dev/include/glib-2.0/glib/gthread.h:274:7: note: in expansion of macro 'g_atomic_pointer_get'
msitools>   274 |     (!g_atomic_pointer_get (location) &&                             \
msitools>       |       ^~~~~~~~~~~~~~~~~~~~
msitools> tools/wixl/wixl.p/msi.c:6725:13: note: in expansion of macro 'g_once_init_enter'
msitools>  6725 |         if (g_once_init_enter (&wixl_msi_table_remove_file_type_id__once)) {
msitools>       |             ^~~~~~~~~~~~~~~~~
msitools> tools/wixl/wixl.p/msi.c: In function 'wixl_msi_table_feature_get_type':
msitools> /nix/store/gak7fcsrc8zq8292liaqi0q1j38fi3bw-glib-2.88.3-dev/include/glib-2.0/glib/gatomic.h:131:5: warning: argument 2 of '__atomic_load' discards 'volatile' qualifier [-Wdiscarded-qualifiers]
msitools>   131 |     __atomic_load (gapg_temp_atomic, &gapg_temp_newval, __ATOMIC_SEQ_CST); \
msitools>       |     ^~~~~~~~~~~~~
msitools> /nix/store/gak7fcsrc8zq8292liaqi0q1j38fi3bw-glib-2.88.3-dev/include/glib-2.0/glib/gthread.h:274:7: note: in expansion of macro 'g_atomic_pointer_get'
msitools>   274 |     (!g_atomic_pointer_get (location) &&                             \
msitools>       |       ^~~~~~~~~~~~~~~~~~~~
msitools> tools/wixl/wixl.p/msi.c:6907:13: note: in expansion of macro 'g_once_init_enter'
msitools>  6907 |         if (g_once_init_enter (&wixl_msi_table_feature_type_id__once)) {
msitools>       |             ^~~~~~~~~~~~~~~~~
msitools> tools/wixl/wixl.p/msi.c: In function 'wixl_msi_table_service_control_get_type':
msitools> /nix/store/gak7fcsrc8zq8292liaqi0q1j38fi3bw-glib-2.88.3-dev/include/glib-2.0/glib/gatomic.h:131:5: warning: argument 2 of '__atomic_load' discards 'volatile' qualifier [-Wdiscarded-qualifiers]
msitools>   131 |     __atomic_load (gapg_temp_atomic, &gapg_temp_newval, __ATOMIC_SEQ_CST); \
msitools>       |     ^~~~~~~~~~~~~
msitools> /nix/store/gak7fcsrc8zq8292liaqi0q1j38fi3bw-glib-2.88.3-dev/include/glib-2.0/glib/gthread.h:274:7: note: in expansion of macro 'g_atomic_pointer_get'
msitools>   274 |     (!g_atomic_pointer_get (location) &&                             \
msitools>       |       ^~~~~~~~~~~~~~~~~~~~
msitools> tools/wixl/wixl.p/msi.c:7066:13: note: in expansion of macro 'g_once_init_enter'
msitools>  7066 |         if (g_once_init_enter (&wixl_msi_table_service_control_type_id__once)) {
msitools>       |             ^~~~~~~~~~~~~~~~~
msitools> tools/wixl/wixl.p/msi.c: In function 'wixl_msi_table_service_install_get_type':
msitools> /nix/store/gak7fcsrc8zq8292liaqi0q1j38fi3bw-glib-2.88.3-dev/include/glib-2.0/glib/gatomic.h:131:5: warning: argument 2 of '__atomic_load' discards 'volatile' qualifier [-Wdiscarded-qualifiers]
msitools>   131 |     __atomic_load (gapg_temp_atomic, &gapg_temp_newval, __ATOMIC_SEQ_CST); \
msitools>       |     ^~~~~~~~~~~~~
msitools> /nix/store/gak7fcsrc8zq8292liaqi0q1j38fi3bw-glib-2.88.3-dev/include/glib-2.0/glib/gthread.h:274:7: note: in expansion of macro 'g_atomic_pointer_get'
msitools>   274 |     (!g_atomic_pointer_get (location) &&                             \
msitools>       |       ^~~~~~~~~~~~~~~~~~~~
msitools> tools/wixl/wixl.p/msi.c:7317:13: note: in expansion of macro 'g_once_init_enter'
msitools>  7317 |         if (g_once_init_enter (&wixl_msi_table_service_install_type_id__once)) {
msitools>       |             ^~~~~~~~~~~~~~~~~
msitools> tools/wixl/wixl.p/msi.c: In function 'wixl_msi_table_signature_get_type':
msitools> /nix/store/gak7fcsrc8zq8292liaqi0q1j38fi3bw-glib-2.88.3-dev/include/glib-2.0/glib/gatomic.h:131:5: warning: argument 2 of '__atomic_load' discards 'volatile' qualifier [-Wdiscarded-qualifiers]
msitools>   131 |     __atomic_load (gapg_temp_atomic, &gapg_temp_newval, __ATOMIC_SEQ_CST); \
msitools>       |     ^~~~~~~~~~~~~
msitools> /nix/store/gak7fcsrc8zq8292liaqi0q1j38fi3bw-glib-2.88.3-dev/include/glib-2.0/glib/gthread.h:274:7: note: in expansion of macro 'g_atomic_pointer_get'
msitools>   274 |     (!g_atomic_pointer_get (location) &&                             \
msitools>       |       ^~~~~~~~~~~~~~~~~~~~
msitools> tools/wixl/wixl.p/msi.c:7376:13: note: in expansion of macro 'g_once_init_enter'
msitools>  7376 |         if (g_once_init_enter (&wixl_msi_table_signature_type_id__once)) {
msitools>       |             ^~~~~~~~~~~~~~~~~
msitools> tools/wixl/wixl.p/msi.c: In function 'wixl_msi_table_app_search_get_type':
msitools> /nix/store/gak7fcsrc8zq8292liaqi0q1j38fi3bw-glib-2.88.3-dev/include/glib-2.0/glib/gatomic.h:131:5: warning: argument 2 of '__atomic_load' discards 'volatile' qualifier [-Wdiscarded-qualifiers]
msitools>   131 |     __atomic_load (gapg_temp_atomic, &gapg_temp_newval, __ATOMIC_SEQ_CST); \
msitools>       |     ^~~~~~~~~~~~~
msitools> /nix/store/gak7fcsrc8zq8292liaqi0q1j38fi3bw-glib-2.88.3-dev/include/glib-2.0/glib/gthread.h:274:7: note: in expansion of macro 'g_atomic_pointer_get'
msitools>   274 |     (!g_atomic_pointer_get (location) &&                             \
msitools>       |       ^~~~~~~~~~~~~~~~~~~~
msitools> tools/wixl/wixl.p/msi.c:7477:13: note: in expansion of macro 'g_once_init_enter'
msitools>  7477 |         if (g_once_init_enter (&wixl_msi_table_app_search_type_id__once)) {
msitools>       |             ^~~~~~~~~~~~~~~~~
msitools> tools/wixl/wixl.p/msi.c: In function 'wixl_msi_table_custom_action_get_type':
msitools> /nix/store/gak7fcsrc8zq8292liaqi0q1j38fi3bw-glib-2.88.3-dev/include/glib-2.0/glib/gatomic.h:131:5: warning: argument 2 of '__atomic_load' discards 'volatile' qualifier [-Wdiscarded-qualifiers]
msitools>   131 |     __atomic_load (gapg_temp_atomic, &gapg_temp_newval, __ATOMIC_SEQ_CST); \
msitools>       |     ^~~~~~~~~~~~~
msitools> /nix/store/gak7fcsrc8zq8292liaqi0q1j38fi3bw-glib-2.88.3-dev/include/glib-2.0/glib/gthread.h:274:7: note: in expansion of macro 'g_atomic_pointer_get'
msitools>   274 |     (!g_atomic_pointer_get (location) &&                             \
msitools>       |       ^~~~~~~~~~~~~~~~~~~~
msitools> tools/wixl/wixl.p/msi.c:7614:13: note: in expansion of macro 'g_once_init_enter'
msitools>  7614 |         if (g_once_init_enter (&wixl_msi_table_custom_action_type_id__once)) {
msitools>       |             ^~~~~~~~~~~~~~~~~
msitools> tools/wixl/wixl.p/msi.c: In function 'wixl_msi_table_reg_locator_get_type':
msitools> /nix/store/gak7fcsrc8zq8292liaqi0q1j38fi3bw-glib-2.88.3-dev/include/glib-2.0/glib/gatomic.h:131:5: warning: argument 2 of '__atomic_load' discards 'volatile' qualifier [-Wdiscarded-qualifiers]
msitools>   131 |     __atomic_load (gapg_temp_atomic, &gapg_temp_newval, __ATOMIC_SEQ_CST); \
msitools>       |     ^~~~~~~~~~~~~
msitools> /nix/store/gak7fcsrc8zq8292liaqi0q1j38fi3bw-glib-2.88.3-dev/include/glib-2.0/glib/gthread.h:274:7: note: in expansion of macro 'g_atomic_pointer_get'
msitools>   274 |     (!g_atomic_pointer_get (location) &&                             \
msitools>       |       ^~~~~~~~~~~~~~~~~~~~
msitools> tools/wixl/wixl.p/msi.c:7745:13: note: in expansion of macro 'g_once_init_enter'
msitools>  7745 |         if (g_once_init_enter (&wixl_msi_table_reg_locator_type_id__once)) {
msitools>       |             ^~~~~~~~~~~~~~~~~
msitools> tools/wixl/wixl.p/msi.c: In function 'wixl_msi_table_validation_real_create':
msitools> tools/wixl/wixl.p/msi.c:7758:34: warning: variable 'self' set but not used [-Wunused-but-set-variable]
msitools>  7758 |         WixlMsiTableValidation * self;
msitools>       |                                  ^~~~
msitools> tools/wixl/wixl.p/msi.c: In function 'wixl_msi_table_validation_get_type':
msitools> /nix/store/gak7fcsrc8zq8292liaqi0q1j38fi3bw-glib-2.88.3-dev/include/glib-2.0/glib/gatomic.h:131:5: warning: argument 2 of '__atomic_load' discards 'volatile' qualifier [-Wdiscarded-qualifiers]
msitools>   131 |     __atomic_load (gapg_temp_atomic, &gapg_temp_newval, __ATOMIC_SEQ_CST); \
msitools>       |     ^~~~~~~~~~~~~
msitools> /nix/store/gak7fcsrc8zq8292liaqi0q1j38fi3bw-glib-2.88.3-dev/include/glib-2.0/glib/gthread.h:274:7: note: in expansion of macro 'g_atomic_pointer_get'
msitools>   274 |     (!g_atomic_pointer_get (location) &&                             \
msitools>       |       ^~~~~~~~~~~~~~~~~~~~
msitools> tools/wixl/wixl.p/msi.c:7808:13: note: in expansion of macro 'g_once_init_enter'
msitools>  7808 |         if (g_once_init_enter (&wixl_msi_table_validation_type_id__once)) {
msitools>       |             ^~~~~~~~~~~~~~~~~
msitools> tools/wixl/wixl.p/msi.c: In function 'wixl_msi_table_streams_get_type':
msitools> /nix/store/gak7fcsrc8zq8292liaqi0q1j38fi3bw-glib-2.88.3-dev/include/glib-2.0/glib/gatomic.h:131:5: warning: argument 2 of '__atomic_load' discards 'volatile' qualifier [-Wdiscarded-qualifiers]
msitools>   131 |     __atomic_load (gapg_temp_atomic, &gapg_temp_newval, __ATOMIC_SEQ_CST); \
msitools>       |     ^~~~~~~~~~~~~
msitools> /nix/store/gak7fcsrc8zq8292liaqi0q1j38fi3bw-glib-2.88.3-dev/include/glib-2.0/glib/gthread.h:274:7: note: in expansion of macro 'g_atomic_pointer_get'
msitools>   274 |     (!g_atomic_pointer_get (location) &&                             \
msitools>       |       ^~~~~~~~~~~~~~~~~~~~
msitools> tools/wixl/wixl.p/msi.c:7956:13: note: in expansion of macro 'g_once_init_enter'
msitools>  7956 |         if (g_once_init_enter (&wixl_msi_table_streams_type_id__once)) {
msitools>       |             ^~~~~~~~~~~~~~~~~
msitools> tools/wixl/wixl.p/msi.c: In function 'wixl_msi_table_ini_file_get_type':
msitools> /nix/store/gak7fcsrc8zq8292liaqi0q1j38fi3bw-glib-2.88.3-dev/include/glib-2.0/glib/gatomic.h:131:5: warning: argument 2 of '__atomic_load' discards 'volatile' qualifier [-Wdiscarded-qualifiers]
msitools>   131 |     __atomic_load (gapg_temp_atomic, &gapg_temp_newval, __ATOMIC_SEQ_CST); \
msitools>       |     ^~~~~~~~~~~~~
msitools> /nix/store/gak7fcsrc8zq8292liaqi0q1j38fi3bw-glib-2.88.3-dev/include/glib-2.0/glib/gthread.h:274:7: note: in expansion of macro 'g_atomic_pointer_get'
msitools>   274 |     (!g_atomic_pointer_get (location) &&                             \
msitools>       |       ^~~~~~~~~~~~~~~~~~~~
msitools> tools/wixl/wixl.p/msi.c:8121:13: note: in expansion of macro 'g_once_init_enter'
msitools>  8121 |         if (g_once_init_enter (&wixl_msi_table_ini_file_type_id__once)) {
msitools>       |             ^~~~~~~~~~~~~~~~~
msitools> tools/wixl/wixl.p/msi.c: In function 'wixl_msi_table_remove_ini_file_get_type':
msitools> /nix/store/gak7fcsrc8zq8292liaqi0q1j38fi3bw-glib-2.88.3-dev/include/glib-2.0/glib/gatomic.h:131:5: warning: argument 2 of '__atomic_load' discards 'volatile' qualifier [-Wdiscarded-qualifiers]
msitools>   131 |     __atomic_load (gapg_temp_atomic, &gapg_temp_newval, __ATOMIC_SEQ_CST); \
msitools>       |     ^~~~~~~~~~~~~
msitools> /nix/store/gak7fcsrc8zq8292liaqi0q1j38fi3bw-glib-2.88.3-dev/include/glib-2.0/glib/gthread.h:274:7: note: in expansion of macro 'g_atomic_pointer_get'
msitools>   274 |     (!g_atomic_pointer_get (location) &&                             \
msitools>       |       ^~~~~~~~~~~~~~~~~~~~
msitools> tools/wixl/wixl.p/msi.c:8285:13: note: in expansion of macro 'g_once_init_enter'
msitools>  8285 |         if (g_once_init_enter (&wixl_msi_table_remove_ini_file_type_id__once)) {
msitools>       |             ^~~~~~~~~~~~~~~~~
msitools> tools/wixl/wixl.p/msi.c: In function 'wixl_msi_table_action_text_get_type':
msitools> /nix/store/gak7fcsrc8zq8292liaqi0q1j38fi3bw-glib-2.88.3-dev/include/glib-2.0/glib/gatomic.h:131:5: warning: argument 2 of '__atomic_load' discards 'volatile' qualifier [-Wdiscarded-qualifiers]
msitools>   131 |     __atomic_load (gapg_temp_atomic, &gapg_temp_newval, __ATOMIC_SEQ_CST); \
msitools>       |     ^~~~~~~~~~~~~
msitools> /nix/store/gak7fcsrc8zq8292liaqi0q1j38fi3bw-glib-2.88.3-dev/include/glib-2.0/glib/gthread.h:274:7: note: in expansion of macro 'g_atomic_pointer_get'
msitools>   274 |     (!g_atomic_pointer_get (location) &&                             \
msitools>       |       ^~~~~~~~~~~~~~~~~~~~
msitools> tools/wixl/wixl.p/msi.c:8408:13: note: in expansion of macro 'g_once_init_enter'
msitools>  8408 |         if (g_once_init_enter (&wixl_msi_table_action_text_type_id__once)) {
msitools>       |             ^~~~~~~~~~~~~~~~~
msitools> tools/wixl/wixl.p/msi.c: In function 'wixl_msi_table_environment_get_type':
msitools> /nix/store/gak7fcsrc8zq8292liaqi0q1j38fi3bw-glib-2.88.3-dev/include/glib-2.0/glib/gatomic.h:131:5: warning: argument 2 of '__atomic_load' discards 'volatile' qualifier [-Wdiscarded-qualifiers]
msitools>   131 |     __atomic_load (gapg_temp_atomic, &gapg_temp_newval, __ATOMIC_SEQ_CST); \
msitools>       |     ^~~~~~~~~~~~~
msitools> /nix/store/gak7fcsrc8zq8292liaqi0q1j38fi3bw-glib-2.88.3-dev/include/glib-2.0/glib/gthread.h:274:7: note: in expansion of macro 'g_atomic_pointer_get'
msitools>   274 |     (!g_atomic_pointer_get (location) &&                             \
msitools>       |       ^~~~~~~~~~~~~~~~~~~~
msitools> tools/wixl/wixl.p/msi.c:8538:13: note: in expansion of macro 'g_once_init_enter'
msitools>  8538 |         if (g_once_init_enter (&wixl_msi_table_environment_type_id__once)) {
msitools>       |             ^~~~~~~~~~~~~~~~~
msitools> tools/wixl/wixl.p/msi.c: In function 'wixl_msi_summary_info_get_type':
msitools> /nix/store/gak7fcsrc8zq8292liaqi0q1j38fi3bw-glib-2.88.3-dev/include/glib-2.0/glib/gatomic.h:131:5: warning: argument 2 of '__atomic_load' discards 'volatile' qualifier [-Wdiscarded-qualifiers]
msitools>   131 |     __atomic_load (gapg_temp_atomic, &gapg_temp_newval, __ATOMIC_SEQ_CST); \
msitools>       |     ^~~~~~~~~~~~~
msitools> /nix/store/gak7fcsrc8zq8292liaqi0q1j38fi3bw-glib-2.88.3-dev/include/glib-2.0/glib/gthread.h:274:7: note: in expansion of macro 'g_atomic_pointer_get'
msitools>   274 |     (!g_atomic_pointer_get (location) &&                             \
msitools>       |       ^~~~~~~~~~~~~~~~~~~~
msitools> tools/wixl/wixl.p/msi.c:8872:13: note: in expansion of macro 'g_once_init_enter'
msitools>  8872 |         if (g_once_init_enter (&wixl_msi_summary_info_type_id__once)) {
msitools>       |             ^~~~~~~~~~~~~~~~~
msitools> tools/wixl/wixl.p/msi.c: In function 'wixl_msi_database_construct':
msitools> tools/wixl/wixl.p/msi.c:9418:22: warning: unused variable '_t_collection_size_' [-Wunused-variable]
msitools>  9418 |                 gint _t_collection_size_ = 0;
msitools>       |                      ^~~~~~~~~~~~~~~~~~~
msitools> tools/wixl/wixl.p/msi.c:9542:30: warning: unused variable '_t_collection_size_' [-Wunused-variable]
msitools>  9542 |                         gint _t_collection_size_ = 0;
msitools>       |                              ^~~~~~~~~~~~~~~~~~~
msitools> tools/wixl/wixl.p/msi.c: In function 'wixl_msi_database_get_type':
msitools> /nix/store/gak7fcsrc8zq8292liaqi0q1j38fi3bw-glib-2.88.3-dev/include/glib-2.0/glib/gatomic.h:131:5: warning: argument 2 of '__atomic_load' discards 'volatile' qualifier [-Wdiscarded-qualifiers]
msitools>   131 |     __atomic_load (gapg_temp_atomic, &gapg_temp_newval, __ATOMIC_SEQ_CST); \
msitools>       |     ^~~~~~~~~~~~~
msitools> /nix/store/gak7fcsrc8zq8292liaqi0q1j38fi3bw-glib-2.88.3-dev/include/glib-2.0/glib/gthread.h:274:7: note: in expansion of macro 'g_atomic_pointer_get'
msitools>   274 |     (!g_atomic_pointer_get (location) &&                             \
msitools>       |       ^~~~~~~~~~~~~~~~~~~~
msitools> tools/wixl/wixl.p/msi.c:9743:13: note: in expansion of macro 'g_once_init_enter'
msitools>  9743 |         if (g_once_init_enter (&wixl_msi_database_type_id__once)) {
msitools>       |             ^~~~~~~~~~~~~~~~~
msitools> tools/wixl/wixl.p/msi.c: At top level:
msitools> tools/wixl/wixl.p/msi.c:806:20: warning: 'wixl_msi_database_properties' defined but not used [-Wunused-variable]
msitools>   806 | static GParamSpec* wixl_msi_database_properties[WIXL_MSI_DATABASE_NUM_PROPERTIES];
msitools>       |                    ^~~~~~~~~~~~~~~~~~~~~~~~~~~~
msitools> tools/wixl/wixl.p/msi.c:775:20: warning: 'wixl_msi_summary_info_properties' defined but not used [-Wunused-variable]
msitools>   775 | static GParamSpec* wixl_msi_summary_info_properties[WIXL_MSI_SUMMARY_INFO_NUM_PROPERTIES];
msitools>       |                    ^~~~~~~~~~~~~~~~~~~~~~~~~~~~~~~~
msitools> tools/wixl/wixl.p/msi.c:759:20: warning: 'wixl_msi_table_environment_properties' defined but not used [-Wunused-variable]
msitools>   759 | static GParamSpec* wixl_msi_table_environment_properties[WIXL_MSI_TABLE_ENVIRONMENT_NUM_PROPERTIES];
msitools>       |                    ^~~~~~~~~~~~~~~~~~~~~~~~~~~~~~~~~~~~~
msitools> tools/wixl/wixl.p/msi.c:743:20: warning: 'wixl_msi_table_action_text_properties' defined but not used [-Wunused-variable]
msitools>   743 | static GParamSpec* wixl_msi_table_action_text_properties[WIXL_MSI_TABLE_ACTION_TEXT_NUM_PROPERTIES];
msitools>       |                    ^~~~~~~~~~~~~~~~~~~~~~~~~~~~~~~~~~~~~
msitools> tools/wixl/wixl.p/msi.c:727:20: warning: 'wixl_msi_table_remove_ini_file_properties' defined but not used [-Wunused-variable]
msitools>   727 | static GParamSpec* wixl_msi_table_remove_ini_file_properties[WIXL_MSI_TABLE_REMOVE_INI_FILE_NUM_PROPERTIES];
msitools>       |                    ^~~~~~~~~~~~~~~~~~~~~~~~~~~~~~~~~~~~~~~~~
msitools> tools/wixl/wixl.p/msi.c:711:20: warning: 'wixl_msi_table_ini_file_properties' defined but not used [-Wunused-variable]
msitools>   711 | static GParamSpec* wixl_msi_table_ini_file_properties[WIXL_MSI_TABLE_INI_FILE_NUM_PROPERTIES];
msitools>       |                    ^~~~~~~~~~~~~~~~~~~~~~~~~~~~~~~~~~
msitools> tools/wixl/wixl.p/msi.c:695:20: warning: 'wixl_msi_table_streams_properties' defined but not used [-Wunused-variable]
msitools>   695 | static GParamSpec* wixl_msi_table_streams_properties[WIXL_MSI_TABLE_STREAMS_NUM_PROPERTIES];
msitools>       |                    ^~~~~~~~~~~~~~~~~~~~~~~~~~~~~~~~~
msitools> tools/wixl/wixl.p/msi.c:679:20: warning: 'wixl_msi_table_validation_properties' defined but not used [-Wunused-variable]
msitools>   679 | static GParamSpec* wixl_msi_table_validation_properties[WIXL_MSI_TABLE_VALIDATION_NUM_PROPERTIES];
msitools>       |                    ^~~~~~~~~~~~~~~~~~~~~~~~~~~~~~~~~~~~
msitools> tools/wixl/wixl.p/msi.c:663:20: warning: 'wixl_msi_table_reg_locator_properties' defined but not used [-Wunused-variable]
msitools>   663 | static GParamSpec* wixl_msi_table_reg_locator_properties[WIXL_MSI_TABLE_REG_LOCATOR_NUM_PROPERTIES];
msitools>       |                    ^~~~~~~~~~~~~~~~~~~~~~~~~~~~~~~~~~~~~
msitools> tools/wixl/wixl.p/msi.c:647:20: warning: 'wixl_msi_table_custom_action_properties' defined but not used [-Wunused-variable]
msitools>   647 | static GParamSpec* wixl_msi_table_custom_action_properties[WIXL_MSI_TABLE_CUSTOM_ACTION_NUM_PROPERTIES];
msitools>       |                    ^~~~~~~~~~~~~~~~~~~~~~~~~~~~~~~~~~~~~~~
msitools> tools/wixl/wixl.p/msi.c:631:20: warning: 'wixl_msi_table_app_search_properties' defined but not used [-Wunused-variable]
msitools>   631 | static GParamSpec* wixl_msi_table_app_search_properties[WIXL_MSI_TABLE_APP_SEARCH_NUM_PROPERTIES];
msitools>       |                    ^~~~~~~~~~~~~~~~~~~~~~~~~~~~~~~~~~~~
msitools> tools/wixl/wixl.p/msi.c:615:20: warning: 'wixl_msi_table_signature_properties' defined but not used [-Wunused-variable]
msitools>   615 | static GParamSpec* wixl_msi_table_signature_properties[WIXL_MSI_TABLE_SIGNATURE_NUM_PROPERTIES];
msitools>       |                    ^~~~~~~~~~~~~~~~~~~~~~~~~~~~~~~~~~~
msitools> tools/wixl/wixl.p/msi.c:599:20: warning: 'wixl_msi_table_service_install_properties' defined but not used [-Wunused-variable]
msitools>   599 | static GParamSpec* wixl_msi_table_service_install_properties[WIXL_MSI_TABLE_SERVICE_INSTALL_NUM_PROPERTIES];
msitools>       |                    ^~~~~~~~~~~~~~~~~~~~~~~~~~~~~~~~~~~~~~~~~
msitools> tools/wixl/wixl.p/msi.c:583:20: warning: 'wixl_msi_table_service_control_properties' defined but not used [-Wunused-variable]
msitools>   583 | static GParamSpec* wixl_msi_table_service_control_properties[WIXL_MSI_TABLE_SERVICE_CONTROL_NUM_PROPERTIES];
msitools>       |                    ^~~~~~~~~~~~~~~~~~~~~~~~~~~~~~~~~~~~~~~~~
msitools> tools/wixl/wixl.p/msi.c:567:20: warning: 'wixl_msi_table_feature_properties' defined but not used [-Wunused-variable]
msitools>   567 | static GParamSpec* wixl_msi_table_feature_properties[WIXL_MSI_TABLE_FEATURE_NUM_PROPERTIES];
msitools>       |                    ^~~~~~~~~~~~~~~~~~~~~~~~~~~~~~~~~
msitools> tools/wixl/wixl.p/msi.c:551:20: warning: 'wixl_msi_table_remove_file_properties' defined but not used [-Wunused-variable]
msitools>   551 | static GParamSpec* wixl_msi_table_remove_file_properties[WIXL_MSI_TABLE_REMOVE_FILE_NUM_PROPERTIES];
msitools>       |                    ^~~~~~~~~~~~~~~~~~~~~~~~~~~~~~~~~~~~~
msitools> tools/wixl/wixl.p/msi.c:535:20: warning: 'wixl_msi_table_create_folder_properties' defined but not used [-Wunused-variable]
msitools>   535 | static GParamSpec* wixl_msi_table_create_folder_properties[WIXL_MSI_TABLE_CREATE_FOLDER_NUM_PROPERTIES];
msitools>       |                    ^~~~~~~~~~~~~~~~~~~~~~~~~~~~~~~~~~~~~~~
msitools> tools/wixl/wixl.p/msi.c:519:20: warning: 'wixl_msi_table_shortcut_properties' defined but not used [-Wunused-variable]
msitools>   519 | static GParamSpec* wixl_msi_table_shortcut_properties[WIXL_MSI_TABLE_SHORTCUT_NUM_PROPERTIES];
msitools>       |                    ^~~~~~~~~~~~~~~~~~~~~~~~~~~~~~~~~~
msitools> tools/wixl/wixl.p/msi.c:503:20: warning: 'wixl_msi_table_registry_properties' defined but not used [-Wunused-variable]
msitools>   503 | static GParamSpec* wixl_msi_table_registry_properties[WIXL_MSI_TABLE_REGISTRY_NUM_PROPERTIES];
msitools>       |                    ^~~~~~~~~~~~~~~~~~~~~~~~~~~~~~~~~~
msitools> tools/wixl/wixl.p/msi.c:487:20: warning: 'wixl_msi_table_condition_properties' defined but not used [-Wunused-variable]
msitools>   487 | static GParamSpec* wixl_msi_table_condition_properties[WIXL_MSI_TABLE_CONDITION_NUM_PROPERTIES];
msitools>       |                    ^~~~~~~~~~~~~~~~~~~~~~~~~~~~~~~~~~~
msitools> tools/wixl/wixl.p/msi.c:471:20: warning: 'wixl_msi_table_feature_components_properties' defined but not used [-Wunused-variable]
msitools>   471 | static GParamSpec* wixl_msi_table_feature_components_properties[WIXL_MSI_TABLE_FEATURE_COMPONENTS_NUM_PROPERTIES];
msitools>       |                    ^~~~~~~~~~~~~~~~~~~~~~~~~~~~~~~~~~~~~~~~~~~~
msitools> tools/wixl/wixl.p/msi.c:455:20: warning: 'wixl_msi_table_component_properties' defined but not used [-Wunused-variable]
msitools>   455 | static GParamSpec* wixl_msi_table_component_properties[WIXL_MSI_TABLE_COMPONENT_NUM_PROPERTIES];
msitools>       |                    ^~~~~~~~~~~~~~~~~~~~~~~~~~~~~~~~~~~
msitools> tools/wixl/wixl.p/msi.c:439:20: warning: 'wixl_msi_table_directory_properties' defined but not used [-Wunused-variable]
msitools>   439 | static GParamSpec* wixl_msi_table_directory_properties[WIXL_MSI_TABLE_DIRECTORY_NUM_PROPERTIES];
msitools>       |                    ^~~~~~~~~~~~~~~~~~~~~~~~~~~~~~~~~~~
msitools> tools/wixl/wixl.p/msi.c:423:20: warning: 'wixl_msi_table_property_properties' defined but not used [-Wunused-variable]
msitools>   423 | static GParamSpec* wixl_msi_table_property_properties[WIXL_MSI_TABLE_PROPERTY_NUM_PROPERTIES];
msitools>       |                    ^~~~~~~~~~~~~~~~~~~~~~~~~~~~~~~~~~
msitools> tools/wixl/wixl.p/msi.c:407:20: warning: 'wixl_msi_table_launch_condition_properties' defined but not used [-Wunused-variable]
msitools>   407 | static GParamSpec* wixl_msi_table_launch_condition_properties[WIXL_MSI_TABLE_LAUNCH_CONDITION_NUM_PROPERTIES];
msitools>       |                    ^~~~~~~~~~~~~~~~~~~~~~~~~~~~~~~~~~~~~~~~~~
msitools> tools/wixl/wixl.p/msi.c:391:20: warning: 'wixl_msi_table_upgrade_properties' defined but not used [-Wunused-variable]
msitools>   391 | static GParamSpec* wixl_msi_table_upgrade_properties[WIXL_MSI_TABLE_UPGRADE_NUM_PROPERTIES];
msitools>       |                    ^~~~~~~~~~~~~~~~~~~~~~~~~~~~~~~~~
msitools> tools/wixl/wixl.p/msi.c:375:20: warning: 'wixl_msi_table_media_properties' defined but not used [-Wunused-variable]
msitools>   375 | static GParamSpec* wixl_msi_table_media_properties[WIXL_MSI_TABLE_MEDIA_NUM_PROPERTIES];
msitools>       |                    ^~~~~~~~~~~~~~~~~~~~~~~~~~~~~~~
msitools> tools/wixl/wixl.p/msi.c:359:20: warning: 'wixl_msi_table_file_properties' defined but not used [-Wunused-variable]
msitools>   359 | static GParamSpec* wixl_msi_table_file_properties[WIXL_MSI_TABLE_FILE_NUM_PROPERTIES];
msitools>       |                    ^~~~~~~~~~~~~~~~~~~~~~~~~~~~~~
msitools> tools/wixl/wixl.p/msi.c:343:20: warning: 'wixl_msi_table_error_properties' defined but not used [-Wunused-variable]
msitools>   343 | static GParamSpec* wixl_msi_table_error_properties[WIXL_MSI_TABLE_ERROR_NUM_PROPERTIES];
msitools>       |                    ^~~~~~~~~~~~~~~~~~~~~~~~~~~~~~~
msitools> tools/wixl/wixl.p/msi.c:327:20: warning: 'wixl_msi_table_install_ui_sequence_properties' defined but not used [-Wunused-variable]
msitools>   327 | static GParamSpec* wixl_msi_table_install_ui_sequence_properties[WIXL_MSI_TABLE_INSTALL_UI_SEQUENCE_NUM_PROPERTIES];
msitools>       |                    ^~~~~~~~~~~~~~~~~~~~~~~~~~~~~~~~~~~~~~~~~~~~~
msitools> tools/wixl/wixl.p/msi.c:311:20: warning: 'wixl_msi_table_install_execute_sequence_properties' defined but not used [-Wunused-variable]
msitools>   311 | static GParamSpec* wixl_msi_table_install_execute_sequence_properties[WIXL_MSI_TABLE_INSTALL_EXECUTE_SEQUENCE_NUM_PROPERTIES];
msitools>       |                    ^~~~~~~~~~~~~~~~~~~~~~~~~~~~~~~~~~~~~~~~~~~~~~~~~~
msitools> tools/wixl/wixl.p/msi.c:295:20: warning: 'wixl_msi_table_advt_execute_sequence_properties' defined but not used [-Wunused-variable]
msitools>   295 | static GParamSpec* wixl_msi_table_advt_execute_sequence_properties[WIXL_MSI_TABLE_ADVT_EXECUTE_SEQUENCE_NUM_PROPERTIES];
msitools>       |                    ^~~~~~~~~~~~~~~~~~~~~~~~~~~~~~~~~~~~~~~~~~~~~~~
msitools> tools/wixl/wixl.p/msi.c:279:20: warning: 'wixl_msi_table_admin_ui_sequence_properties' defined but not used [-Wunused-variable]
msitools>   279 | static GParamSpec* wixl_msi_table_admin_ui_sequence_properties[WIXL_MSI_TABLE_ADMIN_UI_SEQUENCE_NUM_PROPERTIES];
msitools>       |                    ^~~~~~~~~~~~~~~~~~~~~~~~~~~~~~~~~~~~~~~~~~~
msitools> tools/wixl/wixl.p/msi.c:263:20: warning: 'wixl_msi_table_admin_execute_sequence_properties' defined but not used [-Wunused-variable]
msitools>   263 | static GParamSpec* wixl_msi_table_admin_execute_sequence_properties[WIXL_MSI_TABLE_ADMIN_EXECUTE_SEQUENCE_NUM_PROPERTIES];
msitools>       |                    ^~~~~~~~~~~~~~~~~~~~~~~~~~~~~~~~~~~~~~~~~~~~~~~~
msitools> tools/wixl/wixl.p/msi.c:243:20: warning: 'wixl_msi_table_sequence_properties' defined but not used [-Wunused-variable]
msitools>   243 | static GParamSpec* wixl_msi_table_sequence_properties[WIXL_MSI_TABLE_SEQUENCE_NUM_PROPERTIES];
msitools>       |                    ^~~~~~~~~~~~~~~~~~~~~~~~~~~~~~~~~~
msitools> tools/wixl/wixl.p/msi.c:238:20: warning: 'wixl_msi_table_binary_properties' defined but not used [-Wunused-variable]
msitools>   238 | static GParamSpec* wixl_msi_table_binary_properties[WIXL_MSI_TABLE_BINARY_NUM_PROPERTIES];
msitools>       |                    ^~~~~~~~~~~~~~~~~~~~~~~~~~~~~~~~
msitools> tools/wixl/wixl.p/msi.c:222:20: warning: 'wixl_msi_table_icon_properties' defined but not used [-Wunused-variable]
msitools>   222 | static GParamSpec* wixl_msi_table_icon_properties[WIXL_MSI_TABLE_ICON_NUM_PROPERTIES];
msitools>       |                    ^~~~~~~~~~~~~~~~~~~~~~~~~~~~~~
msitools> tools/wixl/wixl.p/msi.c:206:20: warning: 'wixl_msi_table_file_hash_properties' defined but not used [-Wunused-variable]
msitools>   206 | static GParamSpec* wixl_msi_table_file_hash_properties[WIXL_MSI_TABLE_FILE_HASH_NUM_PROPERTIES];
msitools>       |                    ^~~~~~~~~~~~~~~~~~~~~~~~~~~~~~~~~~~
msitools> tools/wixl/wixl.p/msi.c:190:20: warning: 'wixl_msi_table_radio_button_properties' defined but not used [-Wunused-variable]
msitools>   190 | static GParamSpec* wixl_msi_table_radio_button_properties[WIXL_MSI_TABLE_RADIO_BUTTON_NUM_PROPERTIES];
msitools>       |                    ^~~~~~~~~~~~~~~~~~~~~~~~~~~~~~~~~~~~~~
msitools> tools/wixl/wixl.p/msi.c:174:20: warning: 'wixl_msi_table_list_box_properties' defined but not used [-Wunused-variable]
msitools>   174 | static GParamSpec* wixl_msi_table_list_box_properties[WIXL_MSI_TABLE_LIST_BOX_NUM_PROPERTIES];
msitools>       |                    ^~~~~~~~~~~~~~~~~~~~~~~~~~~~~~~~~~
msitools> tools/wixl/wixl.p/msi.c:158:20: warning: 'wixl_msi_table_control_condition_properties' defined but not used [-Wunused-variable]
msitools>   158 | static GParamSpec* wixl_msi_table_control_condition_properties[WIXL_MSI_TABLE_CONTROL_CONDITION_NUM_PROPERTIES];
msitools>       |                    ^~~~~~~~~~~~~~~~~~~~~~~~~~~~~~~~~~~~~~~~~~~
msitools> tools/wixl/wixl.p/msi.c:142:20: warning: 'wixl_msi_table_control_event_properties' defined but not used [-Wunused-variable]
msitools>   142 | static GParamSpec* wixl_msi_table_control_event_properties[WIXL_MSI_TABLE_CONTROL_EVENT_NUM_PROPERTIES];
msitools>       |                    ^~~~~~~~~~~~~~~~~~~~~~~~~~~~~~~~~~~~~~~
msitools> tools/wixl/wixl.p/msi.c:126:20: warning: 'wixl_msi_table_dialog_properties' defined but not used [-Wunused-variable]
msitools>   126 | static GParamSpec* wixl_msi_table_dialog_properties[WIXL_MSI_TABLE_DIALOG_NUM_PROPERTIES];
msitools>       |                    ^~~~~~~~~~~~~~~~~~~~~~~~~~~~~~~~
msitools> tools/wixl/wixl.p/msi.c:110:20: warning: 'wixl_msi_table_text_style_properties' defined but not used [-Wunused-variable]
msitools>   110 | static GParamSpec* wixl_msi_table_text_style_properties[WIXL_MSI_TABLE_TEXT_STYLE_NUM_PROPERTIES];
msitools>       |                    ^~~~~~~~~~~~~~~~~~~~~~~~~~~~~~~~~~~~
msitools> tools/wixl/wixl.p/msi.c:94:20: warning: 'wixl_msi_table_ui_text_properties' defined but not used [-Wunused-variable]
msitools>    94 | static GParamSpec* wixl_msi_table_ui_text_properties[WIXL_MSI_TABLE_UI_TEXT_NUM_PROPERTIES];
msitools>       |                    ^~~~~~~~~~~~~~~~~~~~~~~~~~~~~~~~~
msitools> tools/wixl/wixl.p/msi.c:78:20: warning: 'wixl_msi_table_control_properties' defined but not used [-Wunused-variable]
msitools>    78 | static GParamSpec* wixl_msi_table_control_properties[WIXL_MSI_TABLE_CONTROL_NUM_PROPERTIES];
msitools>       |                    ^~~~~~~~~~~~~~~~~~~~~~~~~~~~~~~~~
msitools> tools/wixl/wixl.p/msi.c:62:20: warning: 'wixl_msi_table_event_mapping_properties' defined but not used [-Wunused-variable]
msitools>    62 | static GParamSpec* wixl_msi_table_event_mapping_properties[WIXL_MSI_TABLE_EVENT_MAPPING_NUM_PROPERTIES];
msitools>       |                    ^~~~~~~~~~~~~~~~~~~~~~~~~~~~~~~~~~~~~~~
msitools> tools/wixl/wixl.p/msi.c:45:20: warning: 'wixl_msi_table_check_box_properties' defined but not used [-Wunused-variable]
msitools>    45 | static GParamSpec* wixl_msi_table_check_box_properties[WIXL_MSI_TABLE_CHECK_BOX_NUM_PROPERTIES];
msitools>       |                    ^~~~~~~~~~~~~~~~~~~~~~~~~~~~~~~~~~~
msitools> tools/wixl/wixl.p/msi.c:28:20: warning: 'wixl_msi_table_properties' defined but not used [-Wunused-variable]
msitools>    28 | static GParamSpec* wixl_msi_table_properties[WIXL_MSI_TABLE_NUM_PROPERTIES];
msitools>       |                    ^~~~~~~~~~~~~~~~~~~~~~~~~
msitools> [91/93] Compiling C object tools/wixl/wixl.p/meson-generated_builder.c.o
msitools> In file included from /nix/store/gak7fcsrc8zq8292liaqi0q1j38fi3bw-glib-2.88.3-dev/include/glib-2.0/glib/gthread.h:34,
msitools>                  from /nix/store/gak7fcsrc8zq8292liaqi0q1j38fi3bw-glib-2.88.3-dev/include/glib-2.0/glib/gasyncqueue.h:34,
msitools>                  from /nix/store/gak7fcsrc8zq8292liaqi0q1j38fi3bw-glib-2.88.3-dev/include/glib-2.0/glib.h:34,
msitools>                  from /nix/store/gak7fcsrc8zq8292liaqi0q1j38fi3bw-glib-2.88.3-dev/include/glib-2.0/gobject/gbinding.h:30,
msitools>                  from /nix/store/gak7fcsrc8zq8292liaqi0q1j38fi3bw-glib-2.88.3-dev/include/glib-2.0/glib-object.h:24,
msitools>                  from tools/wixl/wixl.p/builder.c:4:
msitools> tools/wixl/wixl.p/builder.c: In function 'wixl_arch_get_type':
msitools> /nix/store/gak7fcsrc8zq8292liaqi0q1j38fi3bw-glib-2.88.3-dev/include/glib-2.0/glib/gatomic.h:131:5: warning: argument 2 of '__atomic_load' discards 'volatile' qualifier [-Wdiscarded-qualifiers]
msitools>   131 |     __atomic_load (gapg_temp_atomic, &gapg_temp_newval, __ATOMIC_SEQ_CST); \
msitools>       |     ^~~~~~~~~~~~~
msitools> /nix/store/gak7fcsrc8zq8292liaqi0q1j38fi3bw-glib-2.88.3-dev/include/glib-2.0/glib/gthread.h:274:7: note: in expansion of macro 'g_atomic_pointer_get'
msitools>   274 |     (!g_atomic_pointer_get (location) &&                             \
msitools>       |       ^~~~~~~~~~~~~~~~~~~~
msitools> tools/wixl/wixl.p/builder.c:1677:13: note: in expansion of macro 'g_once_init_enter'
msitools>  1677 |         if (g_once_init_enter (&wixl_arch_type_id__once)) {
msitools>       |             ^~~~~~~~~~~~~~~~~
msitools> tools/wixl/wixl.p/builder.c: In function 'wixl_extension_get_type':
msitools> /nix/store/gak7fcsrc8zq8292liaqi0q1j38fi3bw-glib-2.88.3-dev/include/glib-2.0/glib/gatomic.h:131:5: warning: argument 2 of '__atomic_load' discards 'volatile' qualifier [-Wdiscarded-qualifiers]
msitools>   131 |     __atomic_load (gapg_temp_atomic, &gapg_temp_newval, __ATOMIC_SEQ_CST); \
msitools>       |     ^~~~~~~~~~~~~
msitools> /nix/store/gak7fcsrc8zq8292liaqi0q1j38fi3bw-glib-2.88.3-dev/include/glib-2.0/glib/gthread.h:274:7: note: in expansion of macro 'g_atomic_pointer_get'
msitools>   274 |     (!g_atomic_pointer_get (location) &&                             \
msitools>       |       ^~~~~~~~~~~~~~~~~~~~
msitools> tools/wixl/wixl.p/builder.c:1804:13: note: in expansion of macro 'g_once_init_enter'
msitools>  1804 |         if (g_once_init_enter (&wixl_extension_type_id__once)) {
msitools>       |             ^~~~~~~~~~~~~~~~~
msitools> tools/wixl/wixl.p/builder.c: In function 'wixl_wix_builder_source_flags_get_type':
msitools> /nix/store/gak7fcsrc8zq8292liaqi0q1j38fi3bw-glib-2.88.3-dev/include/glib-2.0/glib/gatomic.h:131:5: warning: argument 2 of '__atomic_load' discards 'volatile' qualifier [-Wdiscarded-qualifiers]
msitools>   131 |     __atomic_load (gapg_temp_atomic, &gapg_temp_newval, __ATOMIC_SEQ_CST); \
msitools>       |     ^~~~~~~~~~~~~
msitools> /nix/store/gak7fcsrc8zq8292liaqi0q1j38fi3bw-glib-2.88.3-dev/include/glib-2.0/glib/gthread.h:274:7: note: in expansion of macro 'g_atomic_pointer_get'
msitools>   274 |     (!g_atomic_pointer_get (location) &&                             \
msitools>       |       ^~~~~~~~~~~~~~~~~~~~
msitools> tools/wixl/wixl.p/builder.c:1831:13: note: in expansion of macro 'g_once_init_enter'
msitools>  1831 |         if (g_once_init_enter (&wixl_wix_builder_source_flags_type_id__once)) {
msitools>       |             ^~~~~~~~~~~~~~~~~
msitools> tools/wixl/wixl.p/builder.c: In function 'wixl_wix_builder_component_attribute_get_type':
msitools> /nix/store/gak7fcsrc8zq8292liaqi0q1j38fi3bw-glib-2.88.3-dev/include/glib-2.0/glib/gatomic.h:131:5: warning: argument 2 of '__atomic_load' discards 'volatile' qualifier [-Wdiscarded-qualifiers]
msitools>   131 |     __atomic_load (gapg_temp_atomic, &gapg_temp_newval, __ATOMIC_SEQ_CST); \
msitools>       |     ^~~~~~~~~~~~~
msitools> /nix/store/gak7fcsrc8zq8292liaqi0q1j38fi3bw-glib-2.88.3-dev/include/glib-2.0/glib/gthread.h:274:7: note: in expansion of macro 'g_atomic_pointer_get'
msitools>   274 |     (!g_atomic_pointer_get (location) &&                             \
msitools>       |       ^~~~~~~~~~~~~~~~~~~~
msitools> tools/wixl/wixl.p/builder.c:1852:13: note: in expansion of macro 'g_once_init_enter'
msitools>  1852 |         if (g_once_init_enter (&wixl_wix_builder_component_attribute_type_id__once)) {
msitools>       |             ^~~~~~~~~~~~~~~~~
msitools> tools/wixl/wixl.p/builder.c: In function 'wixl_wix_builder_feature_display_get_type':
msitools> /nix/store/gak7fcsrc8zq8292liaqi0q1j38fi3bw-glib-2.88.3-dev/include/glib-2.0/glib/gatomic.h:131:5: warning: argument 2 of '__atomic_load' discards 'volatile' qualifier [-Wdiscarded-qualifiers]
msitools>   131 |     __atomic_load (gapg_temp_atomic, &gapg_temp_newval, __ATOMIC_SEQ_CST); \
msitools>       |     ^~~~~~~~~~~~~
msitools> /nix/store/gak7fcsrc8zq8292liaqi0q1j38fi3bw-glib-2.88.3-dev/include/glib-2.0/glib/gthread.h:274:7: note: in expansion of macro 'g_atomic_pointer_get'
msitools>   274 |     (!g_atomic_pointer_get (location) &&                             \
msitools>       |       ^~~~~~~~~~~~~~~~~~~~
msitools> tools/wixl/wixl.p/builder.c:1892:13: note: in expansion of macro 'g_once_init_enter'
msitools>  1892 |         if (g_once_init_enter (&wixl_wix_builder_feature_display_type_id__once)) {
msitools>       |             ^~~~~~~~~~~~~~~~~
msitools> tools/wixl/wixl.p/builder.c: In function 'wixl_wix_builder_absent_value_get_type':
msitools> /nix/store/gak7fcsrc8zq8292liaqi0q1j38fi3bw-glib-2.88.3-dev/include/glib-2.0/glib/gatomic.h:131:5: warning: argument 2 of '__atomic_load' discards 'volatile' qualifier [-Wdiscarded-qualifiers]
msitools>   131 |     __atomic_load (gapg_temp_atomic, &gapg_temp_newval, __ATOMIC_SEQ_CST); \
msitools>       |     ^~~~~~~~~~~~~
msitools> /nix/store/gak7fcsrc8zq8292liaqi0q1j38fi3bw-glib-2.88.3-dev/include/glib-2.0/glib/gthread.h:274:7: note: in expansion of macro 'g_atomic_pointer_get'
msitools>   274 |     (!g_atomic_pointer_get (location) &&                             \
msitools>       |       ^~~~~~~~~~~~~~~~~~~~
msitools> tools/wixl/wixl.p/builder.c:1932:13: note: in expansion of macro 'g_once_init_enter'
msitools>  1932 |         if (g_once_init_enter (&wixl_wix_builder_absent_value_type_id__once)) {
msitools>       |             ^~~~~~~~~~~~~~~~~
msitools> tools/wixl/wixl.p/builder.c: In function 'wixl_wix_builder_allow_advertise_value_get_type':
msitools> /nix/store/gak7fcsrc8zq8292liaqi0q1j38fi3bw-glib-2.88.3-dev/include/glib-2.0/glib/gatomic.h:131:5: warning: argument 2 of '__atomic_load' discards 'volatile' qualifier [-Wdiscarded-qualifiers]
msitools>   131 |     __atomic_load (gapg_temp_atomic, &gapg_temp_newval, __ATOMIC_SEQ_CST); \
msitools>       |     ^~~~~~~~~~~~~
msitools> /nix/store/gak7fcsrc8zq8292liaqi0q1j38fi3bw-glib-2.88.3-dev/include/glib-2.0/glib/gthread.h:274:7: note: in expansion of macro 'g_atomic_pointer_get'
msitools>   274 |     (!g_atomic_pointer_get (location) &&                             \
msitools>       |       ^~~~~~~~~~~~~~~~~~~~
msitools> tools/wixl/wixl.p/builder.c:1972:13: note: in expansion of macro 'g_once_init_enter'
msitools>  1972 |         if (g_once_init_enter (&wixl_wix_builder_allow_advertise_value_type_id__once)) {
msitools>       |             ^~~~~~~~~~~~~~~~~
msitools> tools/wixl/wixl.p/builder.c: In function 'wixl_wix_builder_install_default_value_get_type':
msitools> /nix/store/gak7fcsrc8zq8292liaqi0q1j38fi3bw-glib-2.88.3-dev/include/glib-2.0/glib/gatomic.h:131:5: warning: argument 2 of '__atomic_load' discards 'volatile' qualifier [-Wdiscarded-qualifiers]
msitools>   131 |     __atomic_load (gapg_temp_atomic, &gapg_temp_newval, __ATOMIC_SEQ_CST); \
msitools>       |     ^~~~~~~~~~~~~
msitools> /nix/store/gak7fcsrc8zq8292liaqi0q1j38fi3bw-glib-2.88.3-dev/include/glib-2.0/glib/gthread.h:274:7: note: in expansion of macro 'g_atomic_pointer_get'
msitools>   274 |     (!g_atomic_pointer_get (location) &&                             \
msitools>       |       ^~~~~~~~~~~~~~~~~~~~
msitools> tools/wixl/wixl.p/builder.c:2012:13: note: in expansion of macro 'g_once_init_enter'
msitools>  2012 |         if (g_once_init_enter (&wixl_wix_builder_install_default_value_type_id__once)) {
msitools>       |             ^~~~~~~~~~~~~~~~~
msitools> tools/wixl/wixl.p/builder.c: In function 'wixl_wix_builder_typical_default_value_get_type':
msitools> /nix/store/gak7fcsrc8zq8292liaqi0q1j38fi3bw-glib-2.88.3-dev/include/glib-2.0/glib/gatomic.h:131:5: warning: argument 2 of '__atomic_load' discards 'volatile' qualifier [-Wdiscarded-qualifiers]
msitools>   131 |     __atomic_load (gapg_temp_atomic, &gapg_temp_newval, __ATOMIC_SEQ_CST); \
msitools>       |     ^~~~~~~~~~~~~
msitools> /nix/store/gak7fcsrc8zq8292liaqi0q1j38fi3bw-glib-2.88.3-dev/include/glib-2.0/glib/gthread.h:274:7: note: in expansion of macro 'g_atomic_pointer_get'
msitools>   274 |     (!g_atomic_pointer_get (location) &&                             \
msitools>       |       ^~~~~~~~~~~~~~~~~~~~
msitools> tools/wixl/wixl.p/builder.c:2052:13: note: in expansion of macro 'g_once_init_enter'
msitools>  2052 |         if (g_once_init_enter (&wixl_wix_builder_typical_default_value_type_id__once)) {
msitools>       |             ^~~~~~~~~~~~~~~~~
msitools> tools/wixl/wixl.p/builder.c: In function 'wixl_wix_builder_feature_attributes_get_type':
msitools> /nix/store/gak7fcsrc8zq8292liaqi0q1j38fi3bw-glib-2.88.3-dev/include/glib-2.0/glib/gatomic.h:131:5: warning: argument 2 of '__atomic_load' discards 'volatile' qualifier [-Wdiscarded-qualifiers]
msitools>   131 |     __atomic_load (gapg_temp_atomic, &gapg_temp_newval, __ATOMIC_SEQ_CST); \
msitools>       |     ^~~~~~~~~~~~~
msitools> /nix/store/gak7fcsrc8zq8292liaqi0q1j38fi3bw-glib-2.88.3-dev/include/glib-2.0/glib/gthread.h:274:7: note: in expansion of macro 'g_atomic_pointer_get'
msitools>   274 |     (!g_atomic_pointer_get (location) &&                             \
msitools>       |       ^~~~~~~~~~~~~~~~~~~~
msitools> tools/wixl/wixl.p/builder.c:2073:13: note: in expansion of macro 'g_once_init_enter'
msitools>  2073 |         if (g_once_init_enter (&wixl_wix_builder_feature_attributes_type_id__once)) {
msitools>       |             ^~~~~~~~~~~~~~~~~
msitools> tools/wixl/wixl.p/builder.c: In function 'wixl_wix_builder_install_mode_get_type':
msitools> /nix/store/gak7fcsrc8zq8292liaqi0q1j38fi3bw-glib-2.88.3-dev/include/glib-2.0/glib/gatomic.h:131:5: warning: argument 2 of '__atomic_load' discards 'volatile' qualifier [-Wdiscarded-qualifiers]
msitools>   131 |     __atomic_load (gapg_temp_atomic, &gapg_temp_newval, __ATOMIC_SEQ_CST); \
msitools>       |     ^~~~~~~~~~~~~
msitools> /nix/store/gak7fcsrc8zq8292liaqi0q1j38fi3bw-glib-2.88.3-dev/include/glib-2.0/glib/gthread.h:274:7: note: in expansion of macro 'g_atomic_pointer_get'
msitools>   274 |     (!g_atomic_pointer_get (location) &&                             \
msitools>       |       ^~~~~~~~~~~~~~~~~~~~
msitools> tools/wixl/wixl.p/builder.c:2113:13: note: in expansion of macro 'g_once_init_enter'
msitools>  2113 |         if (g_once_init_enter (&wixl_wix_builder_install_mode_type_id__once)) {
msitools>       |             ^~~~~~~~~~~~~~~~~
msitools> tools/wixl/wixl.p/builder.c: In function 'wixl_wix_builder_registry_value_type_get_type':
msitools> /nix/store/gak7fcsrc8zq8292liaqi0q1j38fi3bw-glib-2.88.3-dev/include/glib-2.0/glib/gatomic.h:131:5: warning: argument 2 of '__atomic_load' discards 'volatile' qualifier [-Wdiscarded-qualifiers]
msitools>   131 |     __atomic_load (gapg_temp_atomic, &gapg_temp_newval, __ATOMIC_SEQ_CST); \
msitools>       |     ^~~~~~~~~~~~~
msitools> /nix/store/gak7fcsrc8zq8292liaqi0q1j38fi3bw-glib-2.88.3-dev/include/glib-2.0/glib/gthread.h:274:7: note: in expansion of macro 'g_atomic_pointer_get'
msitools>   274 |     (!g_atomic_pointer_get (location) &&                             \
msitools>       |       ^~~~~~~~~~~~~~~~~~~~
msitools> tools/wixl/wixl.p/builder.c:2168:13: note: in expansion of macro 'g_once_init_enter'
msitools>  2168 |         if (g_once_init_enter (&wixl_wix_builder_registry_value_type_type_id__once)) {
msitools>       |             ^~~~~~~~~~~~~~~~~
msitools> tools/wixl/wixl.p/builder.c: In function 'wixl_wix_builder_registry_root_get_type':
msitools> /nix/store/gak7fcsrc8zq8292liaqi0q1j38fi3bw-glib-2.88.3-dev/include/glib-2.0/glib/gatomic.h:131:5: warning: argument 2 of '__atomic_load' discards 'volatile' qualifier [-Wdiscarded-qualifiers]
msitools>   131 |     __atomic_load (gapg_temp_atomic, &gapg_temp_newval, __ATOMIC_SEQ_CST); \
msitools>       |     ^~~~~~~~~~~~~
msitools> /nix/store/gak7fcsrc8zq8292liaqi0q1j38fi3bw-glib-2.88.3-dev/include/glib-2.0/glib/gthread.h:274:7: note: in expansion of macro 'g_atomic_pointer_get'
msitools>   274 |     (!g_atomic_pointer_get (location) &&                             \
msitools>       |       ^~~~~~~~~~~~~~~~~~~~
msitools> tools/wixl/wixl.p/builder.c:2208:13: note: in expansion of macro 'g_once_init_enter'
msitools>  2208 |         if (g_once_init_enter (&wixl_wix_builder_registry_root_type_id__once)) {
msitools>       |             ^~~~~~~~~~~~~~~~~
msitools> tools/wixl/wixl.p/builder.c: In function 'wixl_wix_builder_file_attribute_get_type':
msitools> /nix/store/gak7fcsrc8zq8292liaqi0q1j38fi3bw-glib-2.88.3-dev/include/glib-2.0/glib/gatomic.h:131:5: warning: argument 2 of '__atomic_load' discards 'volatile' qualifier [-Wdiscarded-qualifiers]
msitools>   131 |     __atomic_load (gapg_temp_atomic, &gapg_temp_newval, __ATOMIC_SEQ_CST); \
msitools>       |     ^~~~~~~~~~~~~
msitools> /nix/store/gak7fcsrc8zq8292liaqi0q1j38fi3bw-glib-2.88.3-dev/include/glib-2.0/glib/gthread.h:274:7: note: in expansion of macro 'g_atomic_pointer_get'
msitools>   274 |     (!g_atomic_pointer_get (location) &&                             \
msitools>       |       ^~~~~~~~~~~~~~~~~~~~
msitools> tools/wixl/wixl.p/builder.c:2229:13: note: in expansion of macro 'g_once_init_enter'
msitools>  2229 |         if (g_once_init_enter (&wixl_wix_builder_file_attribute_type_id__once)) {
msitools>       |             ^~~~~~~~~~~~~~~~~
msitools> tools/wixl/wixl.p/builder.c: In function 'wixl_wix_builder_ini_file_action_get_type':
msitools> /nix/store/gak7fcsrc8zq8292liaqi0q1j38fi3bw-glib-2.88.3-dev/include/glib-2.0/glib/gatomic.h:131:5: warning: argument 2 of '__atomic_load' discards 'volatile' qualifier [-Wdiscarded-qualifiers]
msitools>   131 |     __atomic_load (gapg_temp_atomic, &gapg_temp_newval, __ATOMIC_SEQ_CST); \
msitools>       |     ^~~~~~~~~~~~~
msitools> /nix/store/gak7fcsrc8zq8292liaqi0q1j38fi3bw-glib-2.88.3-dev/include/glib-2.0/glib/gthread.h:274:7: note: in expansion of macro 'g_atomic_pointer_get'
msitools>   274 |     (!g_atomic_pointer_get (location) &&                             \
msitools>       |       ^~~~~~~~~~~~~~~~~~~~
msitools> tools/wixl/wixl.p/builder.c:2269:13: note: in expansion of macro 'g_once_init_enter'
msitools>  2269 |         if (g_once_init_enter (&wixl_wix_builder_ini_file_action_type_id__once)) {
msitools>       |             ^~~~~~~~~~~~~~~~~
msitools> tools/wixl/wixl.p/builder.c: In function 'wixl_wix_builder_upgrade_attribute_get_type':
msitools> /nix/store/gak7fcsrc8zq8292liaqi0q1j38fi3bw-glib-2.88.3-dev/include/glib-2.0/glib/gatomic.h:131:5: warning: argument 2 of '__atomic_load' discards 'volatile' qualifier [-Wdiscarded-qualifiers]
msitools>   131 |     __atomic_load (gapg_temp_atomic, &gapg_temp_newval, __ATOMIC_SEQ_CST); \
msitools>       |     ^~~~~~~~~~~~~
msitools> /nix/store/gak7fcsrc8zq8292liaqi0q1j38fi3bw-glib-2.88.3-dev/include/glib-2.0/glib/gthread.h:274:7: note: in expansion of macro 'g_atomic_pointer_get'
msitools>   274 |     (!g_atomic_pointer_get (location) &&                             \
msitools>       |       ^~~~~~~~~~~~~~~~~~~~
msitools> tools/wixl/wixl.p/builder.c:2290:13: note: in expansion of macro 'g_once_init_enter'
msitools>  2290 |         if (g_once_init_enter (&wixl_wix_builder_upgrade_attribute_type_id__once)) {
msitools>       |             ^~~~~~~~~~~~~~~~~
msitools> tools/wixl/wixl.p/builder.c: In function 'wixl_wix_builder_service_control_event_get_type':
msitools> /nix/store/gak7fcsrc8zq8292liaqi0q1j38fi3bw-glib-2.88.3-dev/include/glib-2.0/glib/gatomic.h:131:5: warning: argument 2 of '__atomic_load' discards 'volatile' qualifier [-Wdiscarded-qualifiers]
msitools>   131 |     __atomic_load (gapg_temp_atomic, &gapg_temp_newval, __ATOMIC_SEQ_CST); \
msitools>       |     ^~~~~~~~~~~~~
msitools> /nix/store/gak7fcsrc8zq8292liaqi0q1j38fi3bw-glib-2.88.3-dev/include/glib-2.0/glib/gthread.h:274:7: note: in expansion of macro 'g_atomic_pointer_get'
msitools>   274 |     (!g_atomic_pointer_get (location) &&                             \
msitools>       |       ^~~~~~~~~~~~~~~~~~~~
msitools> tools/wixl/wixl.p/builder.c:2311:13: note: in expansion of macro 'g_once_init_enter'
msitools>  2311 |         if (g_once_init_enter (&wixl_wix_builder_service_control_event_type_id__once)) {
msitools>       |             ^~~~~~~~~~~~~~~~~
msitools> tools/wixl/wixl.p/builder.c: In function 'wixl_wix_builder_service_type_attribute_get_type':
msitools> /nix/store/gak7fcsrc8zq8292liaqi0q1j38fi3bw-glib-2.88.3-dev/include/glib-2.0/glib/gatomic.h:131:5: warning: argument 2 of '__atomic_load' discards 'volatile' qualifier [-Wdiscarded-qualifiers]
msitools>   131 |     __atomic_load (gapg_temp_atomic, &gapg_temp_newval, __ATOMIC_SEQ_CST); \
msitools>       |     ^~~~~~~~~~~~~
msitools> /nix/store/gak7fcsrc8zq8292liaqi0q1j38fi3bw-glib-2.88.3-dev/include/glib-2.0/glib/gthread.h:274:7: note: in expansion of macro 'g_atomic_pointer_get'
msitools>   274 |     (!g_atomic_pointer_get (location) &&                             \
msitools>       |       ^~~~~~~~~~~~~~~~~~~~
msitools> tools/wixl/wixl.p/builder.c:2354:13: note: in expansion of macro 'g_once_init_enter'
msitools>  2354 |         if (g_once_init_enter (&wixl_wix_builder_service_type_attribute_type_id__once)) {
msitools>       |             ^~~~~~~~~~~~~~~~~
msitools> tools/wixl/wixl.p/builder.c: In function 'wixl_wix_builder_start_type_attribute_get_type':
msitools> /nix/store/gak7fcsrc8zq8292liaqi0q1j38fi3bw-glib-2.88.3-dev/include/glib-2.0/glib/gatomic.h:131:5: warning: argument 2 of '__atomic_load' discards 'volatile' qualifier [-Wdiscarded-qualifiers]
msitools>   131 |     __atomic_load (gapg_temp_atomic, &gapg_temp_newval, __ATOMIC_SEQ_CST); \
msitools>       |     ^~~~~~~~~~~~~
msitools> /nix/store/gak7fcsrc8zq8292liaqi0q1j38fi3bw-glib-2.88.3-dev/include/glib-2.0/glib/gthread.h:274:7: note: in expansion of macro 'g_atomic_pointer_get'
msitools>   274 |     (!g_atomic_pointer_get (location) &&                             \
msitools>       |       ^~~~~~~~~~~~~~~~~~~~
msitools> tools/wixl/wixl.p/builder.c:2394:13: note: in expansion of macro 'g_once_init_enter'
msitools>  2394 |         if (g_once_init_enter (&wixl_wix_builder_start_type_attribute_type_id__once)) {
msitools>       |             ^~~~~~~~~~~~~~~~~
msitools> tools/wixl/wixl.p/builder.c: In function 'wixl_wix_builder_error_control_attribute_get_type':
msitools> /nix/store/gak7fcsrc8zq8292liaqi0q1j38fi3bw-glib-2.88.3-dev/include/glib-2.0/glib/gatomic.h:131:5: warning: argument 2 of '__atomic_load' discards 'volatile' qualifier [-Wdiscarded-qualifiers]
msitools>   131 |     __atomic_load (gapg_temp_atomic, &gapg_temp_newval, __ATOMIC_SEQ_CST); \
msitools>       |     ^~~~~~~~~~~~~
msitools> /nix/store/gak7fcsrc8zq8292liaqi0q1j38fi3bw-glib-2.88.3-dev/include/glib-2.0/glib/gthread.h:274:7: note: in expansion of macro 'g_atomic_pointer_get'
msitools>   274 |     (!g_atomic_pointer_get (location) &&                             \
msitools>       |       ^~~~~~~~~~~~~~~~~~~~
msitools> tools/wixl/wixl.p/builder.c:2434:13: note: in expansion of macro 'g_once_init_enter'
msitools>  2434 |         if (g_once_init_enter (&wixl_wix_builder_error_control_attribute_type_id__once)) {
msitools>       |             ^~~~~~~~~~~~~~~~~
msitools> tools/wixl/wixl.p/builder.c: In function 'wixl_wix_builder_registry_type_get_type':
msitools> /nix/store/gak7fcsrc8zq8292liaqi0q1j38fi3bw-glib-2.88.3-dev/include/glib-2.0/glib/gatomic.h:131:5: warning: argument 2 of '__atomic_load' discards 'volatile' qualifier [-Wdiscarded-qualifiers]
msitools>   131 |     __atomic_load (gapg_temp_atomic, &gapg_temp_newval, __ATOMIC_SEQ_CST); \
msitools>       |     ^~~~~~~~~~~~~
msitools> /nix/store/gak7fcsrc8zq8292liaqi0q1j38fi3bw-glib-2.88.3-dev/include/glib-2.0/glib/gthread.h:274:7: note: in expansion of macro 'g_atomic_pointer_get'
msitools>   274 |     (!g_atomic_pointer_get (location) &&                             \
msitools>       |       ^~~~~~~~~~~~~~~~~~~~
msitools> tools/wixl/wixl.p/builder.c:2474:13: note: in expansion of macro 'g_once_init_enter'
msitools>  2474 |         if (g_once_init_enter (&wixl_wix_builder_registry_type_type_id__once)) {
msitools>       |             ^~~~~~~~~~~~~~~~~
msitools> tools/wixl/wixl.p/builder.c: In function 'wixl_wix_builder_custom_action_type_get_type':
msitools> /nix/store/gak7fcsrc8zq8292liaqi0q1j38fi3bw-glib-2.88.3-dev/include/glib-2.0/glib/gatomic.h:131:5: warning: argument 2 of '__atomic_load' discards 'volatile' qualifier [-Wdiscarded-qualifiers]
msitools>   131 |     __atomic_load (gapg_temp_atomic, &gapg_temp_newval, __ATOMIC_SEQ_CST); \
msitools>       |     ^~~~~~~~~~~~~
msitools> /nix/store/gak7fcsrc8zq8292liaqi0q1j38fi3bw-glib-2.88.3-dev/include/glib-2.0/glib/gthread.h:274:7: note: in expansion of macro 'g_atomic_pointer_get'
msitools>   274 |     (!g_atomic_pointer_get (location) &&                             \
msitools>       |       ^~~~~~~~~~~~~~~~~~~~
msitools> tools/wixl/wixl.p/builder.c:2495:13: note: in expansion of macro 'g_once_init_enter'
msitools>  2495 |         if (g_once_init_enter (&wixl_wix_builder_custom_action_type_type_id__once)) {
msitools>       |             ^~~~~~~~~~~~~~~~~
msitools> tools/wixl/wixl.p/builder.c: In function 'wixl_wix_builder_text_style_bits_get_type':
msitools> /nix/store/gak7fcsrc8zq8292liaqi0q1j38fi3bw-glib-2.88.3-dev/include/glib-2.0/glib/gatomic.h:131:5: warning: argument 2 of '__atomic_load' discards 'volatile' qualifier [-Wdiscarded-qualifiers]
msitools>   131 |     __atomic_load (gapg_temp_atomic, &gapg_temp_newval, __ATOMIC_SEQ_CST); \
msitools>       |     ^~~~~~~~~~~~~
msitools> /nix/store/gak7fcsrc8zq8292liaqi0q1j38fi3bw-glib-2.88.3-dev/include/glib-2.0/glib/gthread.h:274:7: note: in expansion of macro 'g_atomic_pointer_get'
msitools>   274 |     (!g_atomic_pointer_get (location) &&                             \
msitools>       |       ^~~~~~~~~~~~~~~~~~~~
msitools> tools/wixl/wixl.p/builder.c:2516:13: note: in expansion of macro 'g_once_init_enter'
msitools>  2516 |         if (g_once_init_enter (&wixl_wix_builder_text_style_bits_type_id__once)) {
msitools>       |             ^~~~~~~~~~~~~~~~~
msitools> tools/wixl/wixl.p/builder.c: In function 'wixl_wix_builder_dialog_style_bits_get_type':
msitools> /nix/store/gak7fcsrc8zq8292liaqi0q1j38fi3bw-glib-2.88.3-dev/include/glib-2.0/glib/gatomic.h:131:5: warning: argument 2 of '__atomic_load' discards 'volatile' qualifier [-Wdiscarded-qualifiers]
msitools>   131 |     __atomic_load (gapg_temp_atomic, &gapg_temp_newval, __ATOMIC_SEQ_CST); \
msitools>       |     ^~~~~~~~~~~~~
msitools> /nix/store/gak7fcsrc8zq8292liaqi0q1j38fi3bw-glib-2.88.3-dev/include/glib-2.0/glib/gthread.h:274:7: note: in expansion of macro 'g_atomic_pointer_get'
msitools>   274 |     (!g_atomic_pointer_get (location) &&                             \
msitools>       |       ^~~~~~~~~~~~~~~~~~~~
msitools> tools/wixl/wixl.p/builder.c:2537:13: note: in expansion of macro 'g_once_init_enter'
msitools>  2537 |         if (g_once_init_enter (&wixl_wix_builder_dialog_style_bits_type_id__once)) {
msitools>       |             ^~~~~~~~~~~~~~~~~
msitools> tools/wixl/wixl.p/builder.c: In function 'wixl_wix_builder_control_attributes_get_type':
msitools> /nix/store/gak7fcsrc8zq8292liaqi0q1j38fi3bw-glib-2.88.3-dev/include/glib-2.0/glib/gatomic.h:131:5: warning: argument 2 of '__atomic_load' discards 'volatile' qualifier [-Wdiscarded-qualifiers]
msitools>   131 |     __atomic_load (gapg_temp_atomic, &gapg_temp_newval, __ATOMIC_SEQ_CST); \
msitools>       |     ^~~~~~~~~~~~~
msitools> /nix/store/gak7fcsrc8zq8292liaqi0q1j38fi3bw-glib-2.88.3-dev/include/glib-2.0/glib/gthread.h:274:7: note: in expansion of macro 'g_atomic_pointer_get'
msitools>   274 |     (!g_atomic_pointer_get (location) &&                             \
msitools>       |       ^~~~~~~~~~~~~~~~~~~~
msitools> tools/wixl/wixl.p/builder.c:2558:13: note: in expansion of macro 'g_once_init_enter'
msitools>  2558 |         if (g_once_init_enter (&wixl_wix_builder_control_attributes_type_id__once)) {
msitools>       |             ^~~~~~~~~~~~~~~~~
msitools> tools/wixl/wixl.p/builder.c: In function 'wixl_wix_builder_environment_action_get_type':
msitools> /nix/store/gak7fcsrc8zq8292liaqi0q1j38fi3bw-glib-2.88.3-dev/include/glib-2.0/glib/gatomic.h:131:5: warning: argument 2 of '__atomic_load' discards 'volatile' qualifier [-Wdiscarded-qualifiers]
msitools>   131 |     __atomic_load (gapg_temp_atomic, &gapg_temp_newval, __ATOMIC_SEQ_CST); \
msitools>       |     ^~~~~~~~~~~~~
msitools> /nix/store/gak7fcsrc8zq8292liaqi0q1j38fi3bw-glib-2.88.3-dev/include/glib-2.0/glib/gthread.h:274:7: note: in expansion of macro 'g_atomic_pointer_get'
msitools>   274 |     (!g_atomic_pointer_get (location) &&                             \
msitools>       |       ^~~~~~~~~~~~~~~~~~~~
msitools> tools/wixl/wixl.p/builder.c:2605:13: note: in expansion of macro 'g_once_init_enter'
msitools>  2605 |         if (g_once_init_enter (&wixl_wix_builder_environment_action_type_id__once)) {
msitools>       |             ^~~~~~~~~~~~~~~~~
msitools> tools/wixl/wixl.p/builder.c: In function 'wixl_wix_builder_environment_part_get_type':
msitools> /nix/store/gak7fcsrc8zq8292liaqi0q1j38fi3bw-glib-2.88.3-dev/include/glib-2.0/glib/gatomic.h:131:5: warning: argument 2 of '__atomic_load' discards 'volatile' qualifier [-Wdiscarded-qualifiers]
msitools>   131 |     __atomic_load (gapg_temp_atomic, &gapg_temp_newval, __ATOMIC_SEQ_CST); \
msitools>       |     ^~~~~~~~~~~~~
msitools> /nix/store/gak7fcsrc8zq8292liaqi0q1j38fi3bw-glib-2.88.3-dev/include/glib-2.0/glib/gthread.h:274:7: note: in expansion of macro 'g_atomic_pointer_get'
msitools>   274 |     (!g_atomic_pointer_get (location) &&                             \
msitools>       |       ^~~~~~~~~~~~~~~~~~~~
msitools> tools/wixl/wixl.p/builder.c:2658:13: note: in expansion of macro 'g_once_init_enter'
msitools>  2658 |         if (g_once_init_enter (&wixl_wix_builder_environment_part_type_id__once)) {
msitools>       |             ^~~~~~~~~~~~~~~~~
msitools> tools/wixl/wixl.p/builder.c: In function 'wixl_wix_builder_construct':
msitools> tools/wixl/wixl.p/builder.c:2710:22: warning: unused variable '_i_collection_size_' [-Wunused-variable]
msitools>  2710 |                 gint _i_collection_size_ = 0;
msitools>       |                      ^~~~~~~~~~~~~~~~~~~
msitools> tools/wixl/wixl.p/builder.c:2772:54: warning: unused variable '_file_collection_size_' [-Wunused-variable]
msitools>  2772 |                                                 gint _file_collection_size_ = 0;
msitools>       |                                                      ^~~~~~~~~~~~~~~~~~~~~~
msitools> tools/wixl/wixl.p/builder.c:2757:22: warning: unused variable '_ext_collection_size_' [-Wunused-variable]
msitools>  2757 |                 gint _ext_collection_size_ = 0;
msitools>       |                      ^~~~~~~~~~~~~~~~~~~~~
msitools> tools/wixl/wixl.p/builder.c: In function 'wixl_wix_builder_load_doc':
msitools> tools/wixl/wixl.p/builder.c:2921:56: warning: pointer targets in assignment from 'const xmlChar *' {aka 'const unsigned char *'} to 'const gchar *' {aka 'const char *'} differ in signedness [-Wpointer-sign]
msitools>  2921 |                                                 _tmp7_ = _tmp6_->name;
msitools>       |                                                        ^
msitools> tools/wixl/wixl.p/builder.c:2926:64: warning: pointer targets in assignment from 'const xmlChar *' {aka 'const unsigned char *'} to 'const gchar *' {aka 'const char *'} differ in signedness [-Wpointer-sign]
msitools>  2926 |                                                         _tmp9_ = _tmp8_->name;
msitools>       |                                                                ^
msitools> tools/wixl/wixl.p/builder.c: In function 'wixl_wix_builder_get_elements':
msitools> tools/wixl/wixl.p/builder.c:3170:14: warning: variable '_elems_size_' set but not used [-Wunused-but-set-variable]
msitools>  3170 |         gint _elems_size_;
msitools>       |              ^~~~~~~~~~~~
msitools> tools/wixl/wixl.p/builder.c: In function '__lambda5_':
msitools> tools/wixl/wixl.p/builder.c:3247:25: warning: variable 'self' set but not used [-Wunused-but-set-variable]
msitools>  3247 |         WixlWixBuilder* self;
msitools>       |                         ^~~~
msitools> tools/wixl/wixl.p/builder.c: In function 'wixl_wix_builder_shortcut_target':
msitools> tools/wixl/wixl.p/builder.c:5008:19: warning: assignment to 'WixlWixShortcut **' {aka 'struct _WixlWixShortcut **'} from incompatible pointer type 'void **' [-Wincompatible-pointer-types]
msitools>  5008 |         shortcuts = _tmp1_;
msitools>       |                   ^
msitools> tools/wixl/wixl.p/builder.c:5016:22: warning: unused variable '_sc_collection_size_' [-Wunused-variable]
msitools>  5016 |                 gint _sc_collection_size_ = 0;
msitools>       |                      ^~~~~~~~~~~~~~~~~~~~
msitools> tools/wixl/wixl.p/builder.c:5002:14: warning: variable '_shortcuts_size_' set but not used [-Wunused-but-set-variable]
msitools>  5002 |         gint _shortcuts_size_;
msitools>       |              ^~~~~~~~~~~~~~~~
msitools> tools/wixl/wixl.p/builder.c: In function 'wixl_wix_builder_property_update':
msitools> tools/wixl/wixl.p/builder.c:5251:17: warning: variable '_tmp0_' set but not used [-Wunused-but-set-variable]
msitools>  5251 |         gchar** _tmp0_;
msitools>       |                 ^~~~~~
msitools> tools/wixl/wixl.p/builder.c: In function 'wixl_wix_builder_real_visit_sequence':
msitools> tools/wixl/wixl.p/builder.c:7910:26: warning: variable 'self' set but not used [-Wunused-but-set-variable]
msitools>  7910 |         WixlWixBuilder * self;
msitools>       |                          ^~~~
msitools> tools/wixl/wixl.p/builder.c: In function 'wixl_wix_builder_real_visit_upgrade':
msitools> tools/wixl/wixl.p/builder.c:8057:26: warning: variable 'self' set but not used [-Wunused-but-set-variable]
msitools>  8057 |         WixlWixBuilder * self;
msitools>       |                          ^~~~
msitools> tools/wixl/wixl.p/builder.c: In function 'wixl_wix_builder_real_visit_fragment':
msitools> tools/wixl/wixl.p/builder.c:8874:26: warning: variable 'self' set but not used [-Wunused-but-set-variable]
msitools>  8874 |         WixlWixBuilder * self;
msitools>       |                          ^~~~
msitools> tools/wixl/wixl.p/builder.c: In function 'wixl_wix_builder_real_visit_text':
msitools> tools/wixl/wixl.p/builder.c:8884:26: warning: variable 'self' set but not used [-Wunused-but-set-variable]
msitools>  8884 |         WixlWixBuilder * self;
msitools>       |                          ^~~~
msitools> tools/wixl/wixl.p/builder.c: In function 'wixl_wix_builder_get_type':
msitools> /nix/store/gak7fcsrc8zq8292liaqi0q1j38fi3bw-glib-2.88.3-dev/include/glib-2.0/glib/gatomic.h:131:5: warning: argument 2 of '__atomic_load' discards 'volatile' qualifier [-Wdiscarded-qualifiers]
msitools>   131 |     __atomic_load (gapg_temp_atomic, &gapg_temp_newval, __ATOMIC_SEQ_CST); \
msitools>       |     ^~~~~~~~~~~~~
msitools> /nix/store/gak7fcsrc8zq8292liaqi0q1j38fi3bw-glib-2.88.3-dev/include/glib-2.0/glib/gthread.h:274:7: note: in expansion of macro 'g_atomic_pointer_get'
msitools>   274 |     (!g_atomic_pointer_get (location) &&                             \
msitools>       |       ^~~~~~~~~~~~~~~~~~~~
msitools> tools/wixl/wixl.p/builder.c:12150:13: note: in expansion of macro 'g_once_init_enter'
msitools> 12150 |         if (g_once_init_enter (&wixl_wix_builder_type_id__once)) {
msitools>       |             ^~~~~~~~~~~~~~~~~
msitools> tools/wixl/wixl.p/builder.c: At top level:
msitools> tools/wixl/wixl.p/builder.c:76:20: warning: 'wixl_wix_builder_properties' defined but not used [-Wunused-variable]
msitools>    76 | static GParamSpec* wixl_wix_builder_properties[WIXL_WIX_BUILDER_NUM_PROPERTIES];
msitools>       |                    ^~~~~~~~~~~~~~~~~~~~~~~~~~~
msitools> [92/93] Compiling C object tools/wixl/wixl.p/meson-generated_wix.c.o
msitools> In file included from /nix/store/gak7fcsrc8zq8292liaqi0q1j38fi3bw-glib-2.88.3-dev/include/glib-2.0/glib/gthread.h:34,
msitools>                  from /nix/store/gak7fcsrc8zq8292liaqi0q1j38fi3bw-glib-2.88.3-dev/include/glib-2.0/glib/gasyncqueue.h:34,
msitools>                  from /nix/store/gak7fcsrc8zq8292liaqi0q1j38fi3bw-glib-2.88.3-dev/include/glib-2.0/glib.h:34,
msitools>                  from /nix/store/gak7fcsrc8zq8292liaqi0q1j38fi3bw-glib-2.88.3-dev/include/glib-2.0/gobject/gbinding.h:30,
msitools>                  from /nix/store/gak7fcsrc8zq8292liaqi0q1j38fi3bw-glib-2.88.3-dev/include/glib-2.0/glib-object.h:24,
msitools>                  from ./wixl.h:6,
msitools>                  from tools/wixl/wixl.p/wix.c:4:
msitools> tools/wixl/wixl.p/wix.c: In function 'wixl_wix_resolver_get_type':
msitools> /nix/store/gak7fcsrc8zq8292liaqi0q1j38fi3bw-glib-2.88.3-dev/include/glib-2.0/glib/gatomic.h:131:5: warning: argument 2 of '__atomic_load' discards 'volatile' qualifier [-Wdiscarded-qualifiers]
msitools>   131 |     __atomic_load (gapg_temp_atomic, &gapg_temp_newval, __ATOMIC_SEQ_CST); \
msitools>       |     ^~~~~~~~~~~~~
msitools> /nix/store/gak7fcsrc8zq8292liaqi0q1j38fi3bw-glib-2.88.3-dev/include/glib-2.0/glib/gthread.h:274:7: note: in expansion of macro 'g_atomic_pointer_get'
msitools>   274 |     (!g_atomic_pointer_get (location) &&                             \
msitools>       |       ^~~~~~~~~~~~~~~~~~~~
msitools> tools/wixl/wixl.p/wix.c:2015:13: note: in expansion of macro 'g_once_init_enter'
msitools>  2015 |         if (g_once_init_enter (&wixl_wix_resolver_type_id__once)) {
msitools>       |             ^~~~~~~~~~~~~~~~~
msitools> tools/wixl/wixl.p/wix.c: In function 'wixl_visit_state_get_type':
msitools> /nix/store/gak7fcsrc8zq8292liaqi0q1j38fi3bw-glib-2.88.3-dev/include/glib-2.0/glib/gatomic.h:131:5: warning: argument 2 of '__atomic_load' discards 'volatile' qualifier [-Wdiscarded-qualifiers]
msitools>   131 |     __atomic_load (gapg_temp_atomic, &gapg_temp_newval, __ATOMIC_SEQ_CST); \
msitools>       |     ^~~~~~~~~~~~~
msitools> /nix/store/gak7fcsrc8zq8292liaqi0q1j38fi3bw-glib-2.88.3-dev/include/glib-2.0/glib/gthread.h:274:7: note: in expansion of macro 'g_atomic_pointer_get'
msitools>   274 |     (!g_atomic_pointer_get (location) &&                             \
msitools>       |       ^~~~~~~~~~~~~~~~~~~~
msitools> tools/wixl/wixl.p/wix.c:2036:13: note: in expansion of macro 'g_once_init_enter'
msitools>  2036 |         if (g_once_init_enter (&wixl_visit_state_type_id__once)) {
msitools>       |             ^~~~~~~~~~~~~~~~~
msitools> tools/wixl/wixl.p/wix.c: In function 'wixl_wix_node_visitor_get_type':
msitools> /nix/store/gak7fcsrc8zq8292liaqi0q1j38fi3bw-glib-2.88.3-dev/include/glib-2.0/glib/gatomic.h:131:5: warning: argument 2 of '__atomic_load' discards 'volatile' qualifier [-Wdiscarded-qualifiers]
msitools>   131 |     __atomic_load (gapg_temp_atomic, &gapg_temp_newval, __ATOMIC_SEQ_CST); \
msitools>       |     ^~~~~~~~~~~~~
msitools> /nix/store/gak7fcsrc8zq8292liaqi0q1j38fi3bw-glib-2.88.3-dev/include/glib-2.0/glib/gthread.h:274:7: note: in expansion of macro 'g_atomic_pointer_get'
msitools>   274 |     (!g_atomic_pointer_get (location) &&                             \
msitools>       |       ^~~~~~~~~~~~~~~~~~~~
msitools> tools/wixl/wixl.p/wix.c:3190:13: note: in expansion of macro 'g_once_init_enter'
msitools>  3190 |         if (g_once_init_enter (&wixl_wix_node_visitor_type_id__once)) {
msitools>       |             ^~~~~~~~~~~~~~~~~
msitools> tools/wixl/wixl.p/wix.c: In function 'wixl_wix_node_get_type':
msitools> /nix/store/gak7fcsrc8zq8292liaqi0q1j38fi3bw-glib-2.88.3-dev/include/glib-2.0/glib/gatomic.h:131:5: warning: argument 2 of '__atomic_load' discards 'volatile' qualifier [-Wdiscarded-qualifiers]
msitools>   131 |     __atomic_load (gapg_temp_atomic, &gapg_temp_newval, __ATOMIC_SEQ_CST); \
msitools>       |     ^~~~~~~~~~~~~
msitools> /nix/store/gak7fcsrc8zq8292liaqi0q1j38fi3bw-glib-2.88.3-dev/include/glib-2.0/glib/gthread.h:274:7: note: in expansion of macro 'g_atomic_pointer_get'
msitools>   274 |     (!g_atomic_pointer_get (location) &&                             \
msitools>       |       ^~~~~~~~~~~~~~~~~~~~
msitools> tools/wixl/wixl.p/wix.c:3330:13: note: in expansion of macro 'g_once_init_enter'
msitools>  3330 |         if (g_once_init_enter (&wixl_wix_node_type_id__once)) {
msitools>       |             ^~~~~~~~~~~~~~~~~
msitools> tools/wixl/wixl.p/wix.c: In function 'wixl_wix_text_get_type':
msitools> /nix/store/gak7fcsrc8zq8292liaqi0q1j38fi3bw-glib-2.88.3-dev/include/glib-2.0/glib/gatomic.h:131:5: warning: argument 2 of '__atomic_load' discards 'volatile' qualifier [-Wdiscarded-qualifiers]
msitools>   131 |     __atomic_load (gapg_temp_atomic, &gapg_temp_newval, __ATOMIC_SEQ_CST); \
msitools>       |     ^~~~~~~~~~~~~
msitools> /nix/store/gak7fcsrc8zq8292liaqi0q1j38fi3bw-glib-2.88.3-dev/include/glib-2.0/glib/gthread.h:274:7: note: in expansion of macro 'g_atomic_pointer_get'
msitools>   274 |     (!g_atomic_pointer_get (location) &&                             \
msitools>       |       ^~~~~~~~~~~~~~~~~~~~
msitools> tools/wixl/wixl.p/wix.c:3426:13: note: in expansion of macro 'g_once_init_enter'
msitools>  3426 |         if (g_once_init_enter (&wixl_wix_text_type_id__once)) {
msitools>       |             ^~~~~~~~~~~~~~~~~
msitools> tools/wixl/wixl.p/wix.c: In function 'wixl_wix_element_add_child_types':
msitools> tools/wixl/wixl.p/wix.c:3462:22: warning: unused variable '_t_collection_size_' [-Wunused-variable]
msitools>  3462 |                 gint _t_collection_size_ = 0;
msitools>       |                      ^~~~~~~~~~~~~~~~~~~
msitools> tools/wixl/wixl.p/wix.c: In function 'wixl_wix_element_get_attribute_content':
msitools> tools/wixl/wixl.p/wix.c:3846:16: warning: pointer targets in assignment from 'xmlChar *' {aka 'unsigned char *'} to 'const gchar *' {aka 'const char *'} differ in signedness [-Wpointer-sign]
msitools>  3846 |         _tmp3_ = _tmp2_->content;
msitools>       |                ^
msitools> tools/wixl/wixl.p/wix.c: In function 'wixl_wix_element_load_properties_from_node':
msitools> tools/wixl/wixl.p/wix.c:3889:48: warning: pointer targets in assignment from 'const xmlChar *' {aka 'const unsigned char *'} to 'const gchar *' {aka 'const char *'} differ in signedness [-Wpointer-sign]
msitools>  3889 |                                         _tmp7_ = _tmp6_->name;
msitools>       |                                                ^
msitools> tools/wixl/wixl.p/wix.c: In function 'wixl_wix_element_real_load':
msitools> tools/wixl/wixl.p/wix.c:3914:24: warning: pointer targets in assignment from 'const xmlChar *' {aka 'const unsigned char *'} to 'const gchar *' {aka 'const char *'} differ in signedness [-Wpointer-sign]
msitools>  3914 |                 _tmp2_ = node->name;
msitools>       |                        ^
msitools> tools/wixl/wixl.p/wix.c:3928:24: warning: pointer targets in assignment from 'const xmlChar *' {aka 'const unsigned char *'} to 'const gchar *' {aka 'const char *'} differ in signedness [-Wpointer-sign]
msitools>  3928 |                 _tmp5_ = node->name;
msitools>       |                        ^
msitools> tools/wixl/wixl.p/wix.c:3994:57: warning: pointer targets in assignment from 'xmlChar *' {aka 'unsigned char *'} to 'const gchar *' {aka 'const char *'} differ in signedness [-Wpointer-sign]
msitools>  3994 |                                                 _tmp17_ = _tmp16_->content;
msitools>       |                                                         ^
msitools> tools/wixl/wixl.p/wix.c:4010:57: warning: pointer targets in assignment from 'const xmlChar *' {aka 'const unsigned char *'} to 'const gchar *' {aka 'const char *'} differ in signedness [-Wpointer-sign]
msitools>  4010 |                                                 _tmp22_ = _tmp21_->name;
msitools>       |                                                         ^
msitools> tools/wixl/wixl.p/wix.c:4057:41: warning: pointer targets in assignment from 'const xmlChar *' {aka 'const unsigned char *'} to 'const gchar *' {aka 'const char *'} differ in signedness [-Wpointer-sign]
msitools>  4057 |                                 _tmp32_ = _tmp31_->name;
msitools>       |                                         ^
msitools> tools/wixl/wixl.p/wix.c: In function 'wixl_wix_element_real_to_string':
msitools> tools/wixl/wixl.p/wix.c:4106:22: warning: unused variable '_p_collection_size_' [-Wunused-variable]
msitools>  4106 |                 gint _p_collection_size_ = 0;
msitools>       |                      ^~~~~~~~~~~~~~~~~~~
msitools> tools/wixl/wixl.p/wix.c: In function 'wixl_wix_element_set_Id':
msitools> tools/wixl/wixl.p/wix.c:4329:19: warning: assignment discards 'const' qualifier from pointer target type [-Wdiscarded-qualifiers]
msitools>  4329 |         old_value = wixl_wix_element_get_Id (self);
msitools>       |                   ^
msitools> tools/wixl/wixl.p/wix.c: In function 'wixl_wix_element_get_type':
msitools> /nix/store/gak7fcsrc8zq8292liaqi0q1j38fi3bw-glib-2.88.3-dev/include/glib-2.0/glib/gatomic.h:131:5: warning: argument 2 of '__atomic_load' discards 'volatile' qualifier [-Wdiscarded-qualifiers]
msitools>   131 |     __atomic_load (gapg_temp_atomic, &gapg_temp_newval, __ATOMIC_SEQ_CST); \
msitools>       |     ^~~~~~~~~~~~~
msitools> /nix/store/gak7fcsrc8zq8292liaqi0q1j38fi3bw-glib-2.88.3-dev/include/glib-2.0/glib/gthread.h:274:7: note: in expansion of macro 'g_atomic_pointer_get'
msitools>   274 |     (!g_atomic_pointer_get (location) &&                             \
msitools>       |       ^~~~~~~~~~~~~~~~~~~~
msitools> tools/wixl/wixl.p/wix.c:4405:13: note: in expansion of macro 'g_once_init_enter'
msitools>  4405 |         if (g_once_init_enter (&wixl_wix_element_type_id__once)) {
msitools>       |             ^~~~~~~~~~~~~~~~~
msitools> tools/wixl/wixl.p/wix.c: In function 'wixl_wix_component_group_set_Directory':
msitools> tools/wixl/wixl.p/wix.c:4486:19: warning: assignment discards 'const' qualifier from pointer target type [-Wdiscarded-qualifiers]
msitools>  4486 |         old_value = wixl_wix_component_group_get_Directory (self);
msitools>       |                   ^
msitools> tools/wixl/wixl.p/wix.c: In function 'wixl_wix_component_group_class_init':
msitools> tools/wixl/wixl.p/wix.c:4504:14: warning: variable '_tmp3__length1' set but not used [-Wunused-but-set-variable]
msitools>  4504 |         gint _tmp3__length1;
msitools>       |              ^~~~~~~~~~~~~~
msitools> tools/wixl/wixl.p/wix.c: In function 'wixl_wix_component_group_get_type':
msitools> /nix/store/gak7fcsrc8zq8292liaqi0q1j38fi3bw-glib-2.88.3-dev/include/glib-2.0/glib/gatomic.h:131:5: warning: argument 2 of '__atomic_load' discards 'volatile' qualifier [-Wdiscarded-qualifiers]
msitools>   131 |     __atomic_load (gapg_temp_atomic, &gapg_temp_newval, __ATOMIC_SEQ_CST); \
msitools>       |     ^~~~~~~~~~~~~
msitools> /nix/store/gak7fcsrc8zq8292liaqi0q1j38fi3bw-glib-2.88.3-dev/include/glib-2.0/glib/gthread.h:274:7: note: in expansion of macro 'g_atomic_pointer_get'
msitools>   274 |     (!g_atomic_pointer_get (location) &&                             \
msitools>       |       ^~~~~~~~~~~~~~~~~~~~
msitools> tools/wixl/wixl.p/wix.c:4555:13: note: in expansion of macro 'g_once_init_enter'
msitools>  4555 |         if (g_once_init_enter (&wixl_wix_component_group_type_id__once)) {
msitools>       |             ^~~~~~~~~~~~~~~~~
msitools> tools/wixl/wixl.p/wix.c: In function 'wixl_wix_fragment_class_init':
msitools> tools/wixl/wixl.p/wix.c:4642:14: warning: variable '_tmp3__length1' set but not used [-Wunused-but-set-variable]
msitools>  4642 |         gint _tmp3__length1;
msitools>       |              ^~~~~~~~~~~~~~
msitools> tools/wixl/wixl.p/wix.c: In function 'wixl_wix_fragment_get_type':
msitools> /nix/store/gak7fcsrc8zq8292liaqi0q1j38fi3bw-glib-2.88.3-dev/include/glib-2.0/glib/gatomic.h:131:5: warning: argument 2 of '__atomic_load' discards 'volatile' qualifier [-Wdiscarded-qualifiers]
msitools>   131 |     __atomic_load (gapg_temp_atomic, &gapg_temp_newval, __ATOMIC_SEQ_CST); \
msitools>       |     ^~~~~~~~~~~~~
msitools> /nix/store/gak7fcsrc8zq8292liaqi0q1j38fi3bw-glib-2.88.3-dev/include/glib-2.0/glib/gthread.h:274:7: note: in expansion of macro 'g_atomic_pointer_get'
msitools>   274 |     (!g_atomic_pointer_get (location) &&                             \
msitools>       |       ^~~~~~~~~~~~~~~~~~~~
msitools> tools/wixl/wixl.p/wix.c:4682:13: note: in expansion of macro 'g_once_init_enter'
msitools>  4682 |         if (g_once_init_enter (&wixl_wix_fragment_type_id__once)) {
msitools>       |             ^~~~~~~~~~~~~~~~~
msitools> tools/wixl/wixl.p/wix.c: In function 'wixl_wix_registry_search_set_Root':
msitools> tools/wixl/wixl.p/wix.c:4743:19: warning: assignment discards 'const' qualifier from pointer target type [-Wdiscarded-qualifiers]
msitools>  4743 |         old_value = wixl_wix_registry_search_get_Root (self);
msitools>       |                   ^
msitools> tools/wixl/wixl.p/wix.c: In function 'wixl_wix_registry_search_set_Key':
msitools> tools/wixl/wixl.p/wix.c:4770:19: warning: assignment discards 'const' qualifier from pointer target type [-Wdiscarded-qualifiers]
msitools>  4770 |         old_value = wixl_wix_registry_search_get_Key (self);
msitools>       |                   ^
msitools> tools/wixl/wixl.p/wix.c: In function 'wixl_wix_registry_search_set_Type':
msitools> tools/wixl/wixl.p/wix.c:4797:19: warning: assignment discards 'const' qualifier from pointer target type [-Wdiscarded-qualifiers]
msitools>  4797 |         old_value = wixl_wix_registry_search_get_Type (self);
msitools>       |                   ^
msitools> tools/wixl/wixl.p/wix.c: In function 'wixl_wix_registry_search_set_Name':
msitools> tools/wixl/wixl.p/wix.c:4824:19: warning: assignment discards 'const' qualifier from pointer target type [-Wdiscarded-qualifiers]
msitools>  4824 |         old_value = wixl_wix_registry_search_get_Name (self);
msitools>       |                   ^
msitools> tools/wixl/wixl.p/wix.c: In function 'wixl_wix_registry_search_set_Win64':
msitools> tools/wixl/wixl.p/wix.c:4851:19: warning: assignment discards 'const' qualifier from pointer target type [-Wdiscarded-qualifiers]
msitools>  4851 |         old_value = wixl_wix_registry_search_get_Win64 (self);
msitools>       |                   ^
msitools> tools/wixl/wixl.p/wix.c: In function 'wixl_wix_registry_search_get_type':
msitools> /nix/store/gak7fcsrc8zq8292liaqi0q1j38fi3bw-glib-2.88.3-dev/include/glib-2.0/glib/gatomic.h:131:5: warning: argument 2 of '__atomic_load' discards 'volatile' qualifier [-Wdiscarded-qualifiers]
msitools>   131 |     __atomic_load (gapg_temp_atomic, &gapg_temp_newval, __ATOMIC_SEQ_CST); \
msitools>       |     ^~~~~~~~~~~~~
msitools> /nix/store/gak7fcsrc8zq8292liaqi0q1j38fi3bw-glib-2.88.3-dev/include/glib-2.0/glib/gthread.h:274:7: note: in expansion of macro 'g_atomic_pointer_get'
msitools>   274 |     (!g_atomic_pointer_get (location) &&                             \
msitools>       |       ^~~~~~~~~~~~~~~~~~~~
msitools> tools/wixl/wixl.p/wix.c:4916:13: note: in expansion of macro 'g_once_init_enter'
msitools>  4916 |         if (g_once_init_enter (&wixl_wix_registry_search_type_id__once)) {
msitools>       |             ^~~~~~~~~~~~~~~~~
msitools> tools/wixl/wixl.p/wix.c: In function 'wixl_wix_property_set_Value':
msitools> tools/wixl/wixl.p/wix.c:5042:19: warning: assignment discards 'const' qualifier from pointer target type [-Wdiscarded-qualifiers]
msitools>  5042 |         old_value = wixl_wix_property_get_Value (self);
msitools>       |                   ^
msitools> tools/wixl/wixl.p/wix.c: In function 'wixl_wix_property_set_Secure':
msitools> tools/wixl/wixl.p/wix.c:5069:19: warning: assignment discards 'const' qualifier from pointer target type [-Wdiscarded-qualifiers]
msitools>  5069 |         old_value = wixl_wix_property_get_Secure (self);
msitools>       |                   ^
msitools> tools/wixl/wixl.p/wix.c: In function 'wixl_wix_property_class_init':
msitools> tools/wixl/wixl.p/wix.c:5087:14: warning: variable '_tmp3__length1' set but not used [-Wunused-but-set-variable]
msitools>  5087 |         gint _tmp3__length1;
msitools>       |              ^~~~~~~~~~~~~~
msitools> tools/wixl/wixl.p/wix.c: In function 'wixl_wix_property_get_type':
msitools> /nix/store/gak7fcsrc8zq8292liaqi0q1j38fi3bw-glib-2.88.3-dev/include/glib-2.0/glib/gatomic.h:131:5: warning: argument 2 of '__atomic_load' discards 'volatile' qualifier [-Wdiscarded-qualifiers]
msitools>   131 |     __atomic_load (gapg_temp_atomic, &gapg_temp_newval, __ATOMIC_SEQ_CST); \
msitools>       |     ^~~~~~~~~~~~~
msitools> /nix/store/gak7fcsrc8zq8292liaqi0q1j38fi3bw-glib-2.88.3-dev/include/glib-2.0/glib/gthread.h:274:7: note: in expansion of macro 'g_atomic_pointer_get'
msitools>   274 |     (!g_atomic_pointer_get (location) &&                             \
msitools>       |       ^~~~~~~~~~~~~~~~~~~~
msitools> tools/wixl/wixl.p/wix.c:5139:13: note: in expansion of macro 'g_once_init_enter'
msitools>  5139 |         if (g_once_init_enter (&wixl_wix_property_type_id__once)) {
msitools>       |             ^~~~~~~~~~~~~~~~~
msitools> tools/wixl/wixl.p/wix.c: In function 'wixl_wix_package_set_Keywords':
msitools> tools/wixl/wixl.p/wix.c:5247:19: warning: assignment discards 'const' qualifier from pointer target type [-Wdiscarded-qualifiers]
msitools>  5247 |         old_value = wixl_wix_package_get_Keywords (self);
msitools>       |                   ^
msitools> tools/wixl/wixl.p/wix.c: In function 'wixl_wix_package_set_InstallerDescription':
msitools> tools/wixl/wixl.p/wix.c:5274:19: warning: assignment discards 'const' qualifier from pointer target type [-Wdiscarded-qualifiers]
msitools>  5274 |         old_value = wixl_wix_package_get_InstallerDescription (self);
msitools>       |                   ^
msitools> tools/wixl/wixl.p/wix.c: In function 'wixl_wix_package_set_InstallerComments':
msitools> tools/wixl/wixl.p/wix.c:5301:19: warning: assignment discards 'const' qualifier from pointer target type [-Wdiscarded-qualifiers]
msitools>  5301 |         old_value = wixl_wix_package_get_InstallerComments (self);
msitools>       |                   ^
msitools> tools/wixl/wixl.p/wix.c: In function 'wixl_wix_package_set_Manufacturer':
msitools> tools/wixl/wixl.p/wix.c:5328:19: warning: assignment discards 'const' qualifier from pointer target type [-Wdiscarded-qualifiers]
msitools>  5328 |         old_value = wixl_wix_package_get_Manufacturer (self);
msitools>       |                   ^
msitools> tools/wixl/wixl.p/wix.c: In function 'wixl_wix_package_set_InstallerVersion':
msitools> tools/wixl/wixl.p/wix.c:5355:19: warning: assignment discards 'const' qualifier from pointer target type [-Wdiscarded-qualifiers]
msitools>  5355 |         old_value = wixl_wix_package_get_InstallerVersion (self);
msitools>       |                   ^
msitools> tools/wixl/wixl.p/wix.c: In function 'wixl_wix_package_set_Languages':
msitools> tools/wixl/wixl.p/wix.c:5382:19: warning: assignment discards 'const' qualifier from pointer target type [-Wdiscarded-qualifiers]
msitools>  5382 |         old_value = wixl_wix_package_get_Languages (self);
msitools>       |                   ^
msitools> tools/wixl/wixl.p/wix.c: In function 'wixl_wix_package_set_Compressed':
msitools> tools/wixl/wixl.p/wix.c:5409:19: warning: assignment discards 'const' qualifier from pointer target type [-Wdiscarded-qualifiers]
msitools>  5409 |         old_value = wixl_wix_package_get_Compressed (self);
msitools>       |                   ^
msitools> tools/wixl/wixl.p/wix.c: In function 'wixl_wix_package_set_SummaryCodepage':
msitools> tools/wixl/wixl.p/wix.c:5436:19: warning: assignment discards 'const' qualifier from pointer target type [-Wdiscarded-qualifiers]
msitools>  5436 |         old_value = wixl_wix_package_get_SummaryCodepage (self);
msitools>       |                   ^
msitools> tools/wixl/wixl.p/wix.c: In function 'wixl_wix_package_set_Comments':
msitools> tools/wixl/wixl.p/wix.c:5463:19: warning: assignment discards 'const' qualifier from pointer target type [-Wdiscarded-qualifiers]
msitools>  5463 |         old_value = wixl_wix_package_get_Comments (self);
msitools>       |                   ^
msitools> tools/wixl/wixl.p/wix.c: In function 'wixl_wix_package_set_Description':
msitools> tools/wixl/wixl.p/wix.c:5490:19: warning: assignment discards 'const' qualifier from pointer target type [-Wdiscarded-qualifiers]
msitools>  5490 |         old_value = wixl_wix_package_get_Description (self);
msitools>       |                   ^
msitools> tools/wixl/wixl.p/wix.c: In function 'wixl_wix_package_set_InstallScope':
msitools> tools/wixl/wixl.p/wix.c:5517:19: warning: assignment discards 'const' qualifier from pointer target type [-Wdiscarded-qualifiers]
msitools>  5517 |         old_value = wixl_wix_package_get_InstallScope (self);
msitools>       |                   ^
msitools> tools/wixl/wixl.p/wix.c: In function 'wixl_wix_package_get_type':
msitools> /nix/store/gak7fcsrc8zq8292liaqi0q1j38fi3bw-glib-2.88.3-dev/include/glib-2.0/glib/gatomic.h:131:5: warning: argument 2 of '__atomic_load' discards 'volatile' qualifier [-Wdiscarded-qualifiers]
msitools>   131 |     __atomic_load (gapg_temp_atomic, &gapg_temp_newval, __ATOMIC_SEQ_CST); \
msitools>       |     ^~~~~~~~~~~~~
msitools> /nix/store/gak7fcsrc8zq8292liaqi0q1j38fi3bw-glib-2.88.3-dev/include/glib-2.0/glib/gthread.h:274:7: note: in expansion of macro 'g_atomic_pointer_get'
msitools>   274 |     (!g_atomic_pointer_get (location) &&                             \
msitools>       |       ^~~~~~~~~~~~~~~~~~~~
msitools> tools/wixl/wixl.p/wix.c:5594:13: note: in expansion of macro 'g_once_init_enter'
msitools>  5594 |         if (g_once_init_enter (&wixl_wix_package_type_id__once)) {
msitools>       |             ^~~~~~~~~~~~~~~~~
msitools> tools/wixl/wixl.p/wix.c: In function 'wixl_wix_create_folder_set_Directory':
msitools> tools/wixl/wixl.p/wix.c:5751:19: warning: assignment discards 'const' qualifier from pointer target type [-Wdiscarded-qualifiers]
msitools>  5751 |         old_value = wixl_wix_create_folder_get_Directory (self);
msitools>       |                   ^
msitools> tools/wixl/wixl.p/wix.c: In function 'wixl_wix_create_folder_get_type':
msitools> /nix/store/gak7fcsrc8zq8292liaqi0q1j38fi3bw-glib-2.88.3-dev/include/glib-2.0/glib/gatomic.h:131:5: warning: argument 2 of '__atomic_load' discards 'volatile' qualifier [-Wdiscarded-qualifiers]
msitools>   131 |     __atomic_load (gapg_temp_atomic, &gapg_temp_newval, __ATOMIC_SEQ_CST); \
msitools>       |     ^~~~~~~~~~~~~
msitools> /nix/store/gak7fcsrc8zq8292liaqi0q1j38fi3bw-glib-2.88.3-dev/include/glib-2.0/glib/gthread.h:274:7: note: in expansion of macro 'g_atomic_pointer_get'
msitools>   274 |     (!g_atomic_pointer_get (location) &&                             \
msitools>       |       ^~~~~~~~~~~~~~~~~~~~
msitools> tools/wixl/wixl.p/wix.c:5808:13: note: in expansion of macro 'g_once_init_enter'
msitools>  5808 |         if (g_once_init_enter (&wixl_wix_create_folder_type_id__once)) {
msitools>       |             ^~~~~~~~~~~~~~~~~
msitools> tools/wixl/wixl.p/wix.c: In function 'wixl_wix_icon_set_SourceFile':
msitools> tools/wixl/wixl.p/wix.c:5905:19: warning: assignment discards 'const' qualifier from pointer target type [-Wdiscarded-qualifiers]
msitools>  5905 |         old_value = wixl_wix_icon_get_SourceFile (self);
msitools>       |                   ^
msitools> tools/wixl/wixl.p/wix.c: In function 'wixl_wix_icon_get_type':
msitools> /nix/store/gak7fcsrc8zq8292liaqi0q1j38fi3bw-glib-2.88.3-dev/include/glib-2.0/glib/gatomic.h:131:5: warning: argument 2 of '__atomic_load' discards 'volatile' qualifier [-Wdiscarded-qualifiers]
msitools>   131 |     __atomic_load (gapg_temp_atomic, &gapg_temp_newval, __ATOMIC_SEQ_CST); \
msitools>       |     ^~~~~~~~~~~~~
msitools> /nix/store/gak7fcsrc8zq8292liaqi0q1j38fi3bw-glib-2.88.3-dev/include/glib-2.0/glib/gthread.h:274:7: note: in expansion of macro 'g_atomic_pointer_get'
msitools>   274 |     (!g_atomic_pointer_get (location) &&                             \
msitools>       |       ^~~~~~~~~~~~~~~~~~~~
msitools> tools/wixl/wixl.p/wix.c:5963:13: note: in expansion of macro 'g_once_init_enter'
msitools>  5963 |         if (g_once_init_enter (&wixl_wix_icon_type_id__once)) {
msitools>       |             ^~~~~~~~~~~~~~~~~
msitools> tools/wixl/wixl.p/wix.c: In function 'wixl_wix_shortcut_set_Directory':
msitools> tools/wixl/wixl.p/wix.c:6094:19: warning: assignment discards 'const' qualifier from pointer target type [-Wdiscarded-qualifiers]
msitools>  6094 |         old_value = wixl_wix_shortcut_get_Directory (self);
msitools>       |                   ^
msitools> tools/wixl/wixl.p/wix.c: In function 'wixl_wix_shortcut_set_Name':
msitools> tools/wixl/wixl.p/wix.c:6121:19: warning: assignment discards 'const' qualifier from pointer target type [-Wdiscarded-qualifiers]
msitools>  6121 |         old_value = wixl_wix_shortcut_get_Name (self);
msitools>       |                   ^
msitools> tools/wixl/wixl.p/wix.c: In function 'wixl_wix_shortcut_set_IconIndex':
msitools> tools/wixl/wixl.p/wix.c:6148:19: warning: assignment discards 'const' qualifier from pointer target type [-Wdiscarded-qualifiers]
msitools>  6148 |         old_value = wixl_wix_shortcut_get_IconIndex (self);
msitools>       |                   ^
msitools> tools/wixl/wixl.p/wix.c: In function 'wixl_wix_shortcut_set_WorkingDirectory':
msitools> tools/wixl/wixl.p/wix.c:6175:19: warning: assignment discards 'const' qualifier from pointer target type [-Wdiscarded-qualifiers]
msitools>  6175 |         old_value = wixl_wix_shortcut_get_WorkingDirectory (self);
msitools>       |                   ^
msitools> tools/wixl/wixl.p/wix.c: In function 'wixl_wix_shortcut_set_Icon':
msitools> tools/wixl/wixl.p/wix.c:6202:19: warning: assignment discards 'const' qualifier from pointer target type [-Wdiscarded-qualifiers]
msitools>  6202 |         old_value = wixl_wix_shortcut_get_Icon (self);
msitools>       |                   ^
msitools> tools/wixl/wixl.p/wix.c: In function 'wixl_wix_shortcut_set_Advertise':
msitools> tools/wixl/wixl.p/wix.c:6229:19: warning: assignment discards 'const' qualifier from pointer target type [-Wdiscarded-qualifiers]
msitools>  6229 |         old_value = wixl_wix_shortcut_get_Advertise (self);
msitools>       |                   ^
msitools> tools/wixl/wixl.p/wix.c: In function 'wixl_wix_shortcut_set_Arguments':
msitools> tools/wixl/wixl.p/wix.c:6256:19: warning: assignment discards 'const' qualifier from pointer target type [-Wdiscarded-qualifiers]
msitools>  6256 |         old_value = wixl_wix_shortcut_get_Arguments (self);
msitools>       |                   ^
msitools> tools/wixl/wixl.p/wix.c: In function 'wixl_wix_shortcut_set_Description':
msitools> tools/wixl/wixl.p/wix.c:6283:19: warning: assignment discards 'const' qualifier from pointer target type [-Wdiscarded-qualifiers]
msitools>  6283 |         old_value = wixl_wix_shortcut_get_Description (self);
msitools>       |                   ^
msitools> tools/wixl/wixl.p/wix.c: In function 'wixl_wix_shortcut_set_Target':
msitools> tools/wixl/wixl.p/wix.c:6310:19: warning: assignment discards 'const' qualifier from pointer target type [-Wdiscarded-qualifiers]
msitools>  6310 |         old_value = wixl_wix_shortcut_get_Target (self);
msitools>       |                   ^
msitools> tools/wixl/wixl.p/wix.c: In function 'wixl_wix_shortcut_get_type':
msitools> /nix/store/gak7fcsrc8zq8292liaqi0q1j38fi3bw-glib-2.88.3-dev/include/glib-2.0/glib/gatomic.h:131:5: warning: argument 2 of '__atomic_load' discards 'volatile' qualifier [-Wdiscarded-qualifiers]
msitools>   131 |     __atomic_load (gapg_temp_atomic, &gapg_temp_newval, __ATOMIC_SEQ_CST); \
msitools>       |     ^~~~~~~~~~~~~
msitools> /nix/store/gak7fcsrc8zq8292liaqi0q1j38fi3bw-glib-2.88.3-dev/include/glib-2.0/glib/gthread.h:274:7: note: in expansion of macro 'g_atomic_pointer_get'
msitools>   274 |     (!g_atomic_pointer_get (location) &&                             \
msitools>       |       ^~~~~~~~~~~~~~~~~~~~
msitools> tools/wixl/wixl.p/wix.c:6384:13: note: in expansion of macro 'g_once_init_enter'
msitools>  6384 |         if (g_once_init_enter (&wixl_wix_shortcut_type_id__once)) {
msitools>       |             ^~~~~~~~~~~~~~~~~
msitools> tools/wixl/wixl.p/wix.c: In function 'wixl_wix_key_element_set_KeyPath':
msitools> tools/wixl/wixl.p/wix.c:6532:19: warning: assignment discards 'const' qualifier from pointer target type [-Wdiscarded-qualifiers]
msitools>  6532 |         old_value = wixl_wix_key_element_get_KeyPath (self);
msitools>       |                   ^
msitools> tools/wixl/wixl.p/wix.c: In function 'wixl_wix_key_element_get_type':
msitools> /nix/store/gak7fcsrc8zq8292liaqi0q1j38fi3bw-glib-2.88.3-dev/include/glib-2.0/glib/gatomic.h:131:5: warning: argument 2 of '__atomic_load' discards 'volatile' qualifier [-Wdiscarded-qualifiers]
msitools>   131 |     __atomic_load (gapg_temp_atomic, &gapg_temp_newval, __ATOMIC_SEQ_CST); \
msitools>       |     ^~~~~~~~~~~~~
msitools> /nix/store/gak7fcsrc8zq8292liaqi0q1j38fi3bw-glib-2.88.3-dev/include/glib-2.0/glib/gthread.h:274:7: note: in expansion of macro 'g_atomic_pointer_get'
msitools>   274 |     (!g_atomic_pointer_get (location) &&                             \
msitools>       |       ^~~~~~~~~~~~~~~~~~~~
msitools> tools/wixl/wixl.p/wix.c:6585:13: note: in expansion of macro 'g_once_init_enter'
msitools>  6585 |         if (g_once_init_enter (&wixl_wix_key_element_type_id__once)) {
msitools>       |             ^~~~~~~~~~~~~~~~~
msitools> tools/wixl/wixl.p/wix.c: In function 'wixl_wix_file_set_DiskId':
msitools> tools/wixl/wixl.p/wix.c:6716:19: warning: assignment discards 'const' qualifier from pointer target type [-Wdiscarded-qualifiers]
msitools>  6716 |         old_value = wixl_wix_file_get_DiskId (self);
msitools>       |                   ^
msitools> tools/wixl/wixl.p/wix.c: In function 'wixl_wix_file_set_Source':
msitools> tools/wixl/wixl.p/wix.c:6743:19: warning: assignment discards 'const' qualifier from pointer target type [-Wdiscarded-qualifiers]
msitools>  6743 |         old_value = wixl_wix_file_get_Source (self);
msitools>       |                   ^
msitools> tools/wixl/wixl.p/wix.c: In function 'wixl_wix_file_set_Name':
msitools> tools/wixl/wixl.p/wix.c:6770:19: warning: assignment discards 'const' qualifier from pointer target type [-Wdiscarded-qualifiers]
msitools>  6770 |         old_value = wixl_wix_file_get_Name (self);
msitools>       |                   ^
msitools> tools/wixl/wixl.p/wix.c: In function 'wixl_wix_file_set_DefaultVersion':
msitools> tools/wixl/wixl.p/wix.c:6797:19: warning: assignment discards 'const' qualifier from pointer target type [-Wdiscarded-qualifiers]
msitools>  6797 |         old_value = wixl_wix_file_get_DefaultVersion (self);
msitools>       |                   ^
msitools> tools/wixl/wixl.p/wix.c: In function 'wixl_wix_file_set_CompanionFile':
msitools> tools/wixl/wixl.p/wix.c:6824:19: warning: assignment discards 'const' qualifier from pointer target type [-Wdiscarded-qualifiers]
msitools>  6824 |         old_value = wixl_wix_file_get_CompanionFile (self);
msitools>       |                   ^
msitools> tools/wixl/wixl.p/wix.c: In function 'wixl_wix_file_class_init':
msitools> tools/wixl/wixl.p/wix.c:6842:14: warning: variable '_tmp3__length1' set but not used [-Wunused-but-set-variable]
msitools>  6842 |         gint _tmp3__length1;
msitools>       |              ^~~~~~~~~~~~~~
msitools> tools/wixl/wixl.p/wix.c: In function 'wixl_wix_file_get_type':
msitools> /nix/store/gak7fcsrc8zq8292liaqi0q1j38fi3bw-glib-2.88.3-dev/include/glib-2.0/glib/gatomic.h:131:5: warning: argument 2 of '__atomic_load' discards 'volatile' qualifier [-Wdiscarded-qualifiers]
msitools>   131 |     __atomic_load (gapg_temp_atomic, &gapg_temp_newval, __ATOMIC_SEQ_CST); \
msitools>       |     ^~~~~~~~~~~~~
msitools> /nix/store/gak7fcsrc8zq8292liaqi0q1j38fi3bw-glib-2.88.3-dev/include/glib-2.0/glib/gthread.h:274:7: note: in expansion of macro 'g_atomic_pointer_get'
msitools>   274 |     (!g_atomic_pointer_get (location) &&                             \
msitools>       |       ^~~~~~~~~~~~~~~~~~~~
msitools> tools/wixl/wixl.p/wix.c:6902:13: note: in expansion of macro 'g_once_init_enter'
msitools>  6902 |         if (g_once_init_enter (&wixl_wix_file_type_id__once)) {
msitools>       |             ^~~~~~~~~~~~~~~~~
msitools> tools/wixl/wixl.p/wix.c: In function 'wixl_wix_ini_file_set_Action':
msitools> tools/wixl/wixl.p/wix.c:7023:19: warning: assignment discards 'const' qualifier from pointer target type [-Wdiscarded-qualifiers]
msitools>  7023 |         old_value = wixl_wix_ini_file_get_Action (self);
msitools>       |                   ^
msitools> tools/wixl/wixl.p/wix.c: In function 'wixl_wix_ini_file_set_Directory':
msitools> tools/wixl/wixl.p/wix.c:7050:19: warning: assignment discards 'const' qualifier from pointer target type [-Wdiscarded-qualifiers]
msitools>  7050 |         old_value = wixl_wix_ini_file_get_Directory (self);
msitools>       |                   ^
msitools> tools/wixl/wixl.p/wix.c: In function 'wixl_wix_ini_file_set_Key':
msitools> tools/wixl/wixl.p/wix.c:7077:19: warning: assignment discards 'const' qualifier from pointer target type [-Wdiscarded-qualifiers]
msitools>  7077 |         old_value = wixl_wix_ini_file_get_Key (self);
msitools>       |                   ^
msitools> tools/wixl/wixl.p/wix.c: In function 'wixl_wix_ini_file_set_Name':
msitools> tools/wixl/wixl.p/wix.c:7104:19: warning: assignment discards 'const' qualifier from pointer target type [-Wdiscarded-qualifiers]
msitools>  7104 |         old_value = wixl_wix_ini_file_get_Name (self);
msitools>       |                   ^
msitools> tools/wixl/wixl.p/wix.c: In function 'wixl_wix_ini_file_set_Section':
msitools> tools/wixl/wixl.p/wix.c:7131:19: warning: assignment discards 'const' qualifier from pointer target type [-Wdiscarded-qualifiers]
msitools>  7131 |         old_value = wixl_wix_ini_file_get_Section (self);
msitools>       |                   ^
msitools> tools/wixl/wixl.p/wix.c: In function 'wixl_wix_ini_file_set_Value':
msitools> tools/wixl/wixl.p/wix.c:7158:19: warning: assignment discards 'const' qualifier from pointer target type [-Wdiscarded-qualifiers]
msitools>  7158 |         old_value = wixl_wix_ini_file_get_Value (self);
msitools>       |                   ^
msitools> tools/wixl/wixl.p/wix.c: In function 'wixl_wix_ini_file_get_type':
msitools> /nix/store/gak7fcsrc8zq8292liaqi0q1j38fi3bw-glib-2.88.3-dev/include/glib-2.0/glib/gatomic.h:131:5: warning: argument 2 of '__atomic_load' discards 'volatile' qualifier [-Wdiscarded-qualifiers]
msitools>   131 |     __atomic_load (gapg_temp_atomic, &gapg_temp_newval, __ATOMIC_SEQ_CST); \
msitools>       |     ^~~~~~~~~~~~~
msitools> /nix/store/gak7fcsrc8zq8292liaqi0q1j38fi3bw-glib-2.88.3-dev/include/glib-2.0/glib/gthread.h:274:7: note: in expansion of macro 'g_atomic_pointer_get'
msitools>   274 |     (!g_atomic_pointer_get (location) &&                             \
msitools>       |       ^~~~~~~~~~~~~~~~~~~~
msitools> tools/wixl/wixl.p/wix.c:7225:13: note: in expansion of macro 'g_once_init_enter'
msitools>  7225 |         if (g_once_init_enter (&wixl_wix_ini_file_type_id__once)) {
msitools>       |             ^~~~~~~~~~~~~~~~~
msitools> tools/wixl/wixl.p/wix.c: In function 'wixl_wix_registry_value_set_Root':
msitools> tools/wixl/wixl.p/wix.c:7376:19: warning: assignment discards 'const' qualifier from pointer target type [-Wdiscarded-qualifiers]
msitools>  7376 |         old_value = wixl_wix_registry_value_get_Root (self);
msitools>       |                   ^
msitools> tools/wixl/wixl.p/wix.c: In function 'wixl_wix_registry_value_set_Key':
msitools> tools/wixl/wixl.p/wix.c:7403:19: warning: assignment discards 'const' qualifier from pointer target type [-Wdiscarded-qualifiers]
msitools>  7403 |         old_value = wixl_wix_registry_value_get_Key (self);
msitools>       |                   ^
msitools> tools/wixl/wixl.p/wix.c: In function 'wixl_wix_registry_value_set_Type':
msitools> tools/wixl/wixl.p/wix.c:7430:19: warning: assignment discards 'const' qualifier from pointer target type [-Wdiscarded-qualifiers]
msitools>  7430 |         old_value = wixl_wix_registry_value_get_Type (self);
msitools>       |                   ^
msitools> tools/wixl/wixl.p/wix.c: In function 'wixl_wix_registry_value_set_Value':
msitools> tools/wixl/wixl.p/wix.c:7457:19: warning: assignment discards 'const' qualifier from pointer target type [-Wdiscarded-qualifiers]
msitools>  7457 |         old_value = wixl_wix_registry_value_get_Value (self);
msitools>       |                   ^
msitools> tools/wixl/wixl.p/wix.c: In function 'wixl_wix_registry_value_set_Name':
msitools> tools/wixl/wixl.p/wix.c:7484:19: warning: assignment discards 'const' qualifier from pointer target type [-Wdiscarded-qualifiers]
msitools>  7484 |         old_value = wixl_wix_registry_value_get_Name (self);
msitools>       |                   ^
msitools> tools/wixl/wixl.p/wix.c: In function 'wixl_wix_registry_value_get_type':
msitools> /nix/store/gak7fcsrc8zq8292liaqi0q1j38fi3bw-glib-2.88.3-dev/include/glib-2.0/glib/gatomic.h:131:5: warning: argument 2 of '__atomic_load' discards 'volatile' qualifier [-Wdiscarded-qualifiers]
msitools>   131 |     __atomic_load (gapg_temp_atomic, &gapg_temp_newval, __ATOMIC_SEQ_CST); \
msitools>       |     ^~~~~~~~~~~~~
msitools> /nix/store/gak7fcsrc8zq8292liaqi0q1j38fi3bw-glib-2.88.3-dev/include/glib-2.0/glib/gthread.h:274:7: note: in expansion of macro 'g_atomic_pointer_get'
msitools>   274 |     (!g_atomic_pointer_get (location) &&                             \
msitools>       |       ^~~~~~~~~~~~~~~~~~~~
msitools> tools/wixl/wixl.p/wix.c:7550:13: note: in expansion of macro 'g_once_init_enter'
msitools>  7550 |         if (g_once_init_enter (&wixl_wix_registry_value_type_id__once)) {
msitools>       |             ^~~~~~~~~~~~~~~~~
msitools> tools/wixl/wixl.p/wix.c: In function 'wixl_wix_remove_folder_set_On':
msitools> tools/wixl/wixl.p/wix.c:7671:19: warning: assignment discards 'const' qualifier from pointer target type [-Wdiscarded-qualifiers]
msitools>  7671 |         old_value = wixl_wix_remove_folder_get_On (self);
msitools>       |                   ^
msitools> tools/wixl/wixl.p/wix.c: In function 'wixl_wix_remove_folder_get_type':
msitools> /nix/store/gak7fcsrc8zq8292liaqi0q1j38fi3bw-glib-2.88.3-dev/include/glib-2.0/glib/gatomic.h:131:5: warning: argument 2 of '__atomic_load' discards 'volatile' qualifier [-Wdiscarded-qualifiers]
msitools>   131 |     __atomic_load (gapg_temp_atomic, &gapg_temp_newval, __ATOMIC_SEQ_CST); \
msitools>       |     ^~~~~~~~~~~~~
msitools> /nix/store/gak7fcsrc8zq8292liaqi0q1j38fi3bw-glib-2.88.3-dev/include/glib-2.0/glib/gthread.h:274:7: note: in expansion of macro 'g_atomic_pointer_get'
msitools>   274 |     (!g_atomic_pointer_get (location) &&                             \
msitools>       |       ^~~~~~~~~~~~~~~~~~~~
msitools> tools/wixl/wixl.p/wix.c:7728:13: note: in expansion of macro 'g_once_init_enter'
msitools>  7728 |         if (g_once_init_enter (&wixl_wix_remove_folder_type_id__once)) {
msitools>       |             ^~~~~~~~~~~~~~~~~
msitools> tools/wixl/wixl.p/wix.c: In function 'wixl_wix_feature_set_Level':
msitools> tools/wixl/wixl.p/wix.c:7835:19: warning: assignment discards 'const' qualifier from pointer target type [-Wdiscarded-qualifiers]
msitools>  7835 |         old_value = wixl_wix_feature_get_Level (self);
msitools>       |                   ^
msitools> tools/wixl/wixl.p/wix.c: In function 'wixl_wix_feature_set_Title':
msitools> tools/wixl/wixl.p/wix.c:7862:19: warning: assignment discards 'const' qualifier from pointer target type [-Wdiscarded-qualifiers]
msitools>  7862 |         old_value = wixl_wix_feature_get_Title (self);
msitools>       |                   ^
msitools> tools/wixl/wixl.p/wix.c: In function 'wixl_wix_feature_set_Description':
msitools> tools/wixl/wixl.p/wix.c:7889:19: warning: assignment discards 'const' qualifier from pointer target type [-Wdiscarded-qualifiers]
msitools>  7889 |         old_value = wixl_wix_feature_get_Description (self);
msitools>       |                   ^
msitools> tools/wixl/wixl.p/wix.c: In function 'wixl_wix_feature_set_Display':
msitools> tools/wixl/wixl.p/wix.c:7916:19: warning: assignment discards 'const' qualifier from pointer target type [-Wdiscarded-qualifiers]
msitools>  7916 |         old_value = wixl_wix_feature_get_Display (self);
msitools>       |                   ^
msitools> tools/wixl/wixl.p/wix.c: In function 'wixl_wix_feature_set_ConfigurableDirectory':
msitools> tools/wixl/wixl.p/wix.c:7943:19: warning: assignment discards 'const' qualifier from pointer target type [-Wdiscarded-qualifiers]
msitools>  7943 |         old_value = wixl_wix_feature_get_ConfigurableDirectory (self);
msitools>       |                   ^
msitools> tools/wixl/wixl.p/wix.c: In function 'wixl_wix_feature_set_AllowAdvertise':
msitools> tools/wixl/wixl.p/wix.c:7970:19: warning: assignment discards 'const' qualifier from pointer target type [-Wdiscarded-qualifiers]
msitools>  7970 |         old_value = wixl_wix_feature_get_AllowAdvertise (self);
msitools>       |                   ^
msitools> tools/wixl/wixl.p/wix.c: In function 'wixl_wix_feature_set_Absent':
msitools> tools/wixl/wixl.p/wix.c:7997:19: warning: assignment discards 'const' qualifier from pointer target type [-Wdiscarded-qualifiers]
msitools>  7997 |         old_value = wixl_wix_feature_get_Absent (self);
msitools>       |                   ^
msitools> tools/wixl/wixl.p/wix.c: In function 'wixl_wix_feature_set_InstallDefault':
msitools> tools/wixl/wixl.p/wix.c:8024:19: warning: assignment discards 'const' qualifier from pointer target type [-Wdiscarded-qualifiers]
msitools>  8024 |         old_value = wixl_wix_feature_get_InstallDefault (self);
msitools>       |                   ^
msitools> tools/wixl/wixl.p/wix.c: In function 'wixl_wix_feature_set_TypicalDefault':
msitools> tools/wixl/wixl.p/wix.c:8051:19: warning: assignment discards 'const' qualifier from pointer target type [-Wdiscarded-qualifiers]
msitools>  8051 |         old_value = wixl_wix_feature_get_TypicalDefault (self);
msitools>       |                   ^
msitools> tools/wixl/wixl.p/wix.c: In function 'wixl_wix_feature_class_init':
msitools> tools/wixl/wixl.p/wix.c:8069:14: warning: variable '_tmp3__length1' set but not used [-Wunused-but-set-variable]
msitools>  8069 |         gint _tmp3__length1;
msitools>       |              ^~~~~~~~~~~~~~
msitools> tools/wixl/wixl.p/wix.c: In function 'wixl_wix_feature_get_type':
msitools> /nix/store/gak7fcsrc8zq8292liaqi0q1j38fi3bw-glib-2.88.3-dev/include/glib-2.0/glib/gatomic.h:131:5: warning: argument 2 of '__atomic_load' discards 'volatile' qualifier [-Wdiscarded-qualifiers]
msitools>   131 |     __atomic_load (gapg_temp_atomic, &gapg_temp_newval, __ATOMIC_SEQ_CST); \
msitools>       |     ^~~~~~~~~~~~~
msitools> /nix/store/gak7fcsrc8zq8292liaqi0q1j38fi3bw-glib-2.88.3-dev/include/glib-2.0/glib/gthread.h:274:7: note: in expansion of macro 'g_atomic_pointer_get'
msitools>   274 |     (!g_atomic_pointer_get (location) &&                             \
msitools>       |       ^~~~~~~~~~~~~~~~~~~~
msitools> tools/wixl/wixl.p/wix.c:8138:13: note: in expansion of macro 'g_once_init_enter'
msitools>  8138 |         if (g_once_init_enter (&wixl_wix_feature_type_id__once)) {
msitools>       |             ^~~~~~~~~~~~~~~~~
msitools> tools/wixl/wixl.p/wix.c: In function 'wixl_wix_component_ref_get_type':
msitools> /nix/store/gak7fcsrc8zq8292liaqi0q1j38fi3bw-glib-2.88.3-dev/include/glib-2.0/glib/gatomic.h:131:5: warning: argument 2 of '__atomic_load' discards 'volatile' qualifier [-Wdiscarded-qualifiers]
msitools>   131 |     __atomic_load (gapg_temp_atomic, &gapg_temp_newval, __ATOMIC_SEQ_CST); \
msitools>       |     ^~~~~~~~~~~~~
msitools> /nix/store/gak7fcsrc8zq8292liaqi0q1j38fi3bw-glib-2.88.3-dev/include/glib-2.0/glib/gthread.h:274:7: note: in expansion of macro 'g_atomic_pointer_get'
msitools>   274 |     (!g_atomic_pointer_get (location) &&                             \
msitools>       |       ^~~~~~~~~~~~~~~~~~~~
msitools> tools/wixl/wixl.p/wix.c:8329:13: note: in expansion of macro 'g_once_init_enter'
msitools>  8329 |         if (g_once_init_enter (&wixl_wix_component_ref_type_id__once)) {
msitools>       |             ^~~~~~~~~~~~~~~~~
msitools> tools/wixl/wixl.p/wix.c: In function 'wixl_wix_component_group_ref_get_type':
msitools> /nix/store/gak7fcsrc8zq8292liaqi0q1j38fi3bw-glib-2.88.3-dev/include/glib-2.0/glib/gatomic.h:131:5: warning: argument 2 of '__atomic_load' discards 'volatile' qualifier [-Wdiscarded-qualifiers]
msitools>   131 |     __atomic_load (gapg_temp_atomic, &gapg_temp_newval, __ATOMIC_SEQ_CST); \
msitools>       |     ^~~~~~~~~~~~~
msitools> /nix/store/gak7fcsrc8zq8292liaqi0q1j38fi3bw-glib-2.88.3-dev/include/glib-2.0/glib/gthread.h:274:7: note: in expansion of macro 'g_atomic_pointer_get'
msitools>   274 |     (!g_atomic_pointer_get (location) &&                             \
msitools>       |       ^~~~~~~~~~~~~~~~~~~~
msitools> tools/wixl/wixl.p/wix.c:8436:13: note: in expansion of macro 'g_once_init_enter'
msitools>  8436 |         if (g_once_init_enter (&wixl_wix_component_group_ref_type_id__once)) {
msitools>       |             ^~~~~~~~~~~~~~~~~
msitools> tools/wixl/wixl.p/wix.c: In function 'wixl_wix_condition_set_Message':
msitools> tools/wixl/wixl.p/wix.c:8497:19: warning: assignment discards 'const' qualifier from pointer target type [-Wdiscarded-qualifiers]
msitools>  8497 |         old_value = wixl_wix_condition_get_Message (self);
msitools>       |                   ^
msitools> tools/wixl/wixl.p/wix.c: In function 'wixl_wix_condition_set_Level':
msitools> tools/wixl/wixl.p/wix.c:8524:19: warning: assignment discards 'const' qualifier from pointer target type [-Wdiscarded-qualifiers]
msitools>  8524 |         old_value = wixl_wix_condition_get_Level (self);
msitools>       |                   ^
msitools> tools/wixl/wixl.p/wix.c: In function 'wixl_wix_condition_get_type':
msitools> /nix/store/gak7fcsrc8zq8292liaqi0q1j38fi3bw-glib-2.88.3-dev/include/glib-2.0/glib/gatomic.h:131:5: warning: argument 2 of '__atomic_load' discards 'volatile' qualifier [-Wdiscarded-qualifiers]
msitools>   131 |     __atomic_load (gapg_temp_atomic, &gapg_temp_newval, __ATOMIC_SEQ_CST); \
msitools>       |     ^~~~~~~~~~~~~
msitools> /nix/store/gak7fcsrc8zq8292liaqi0q1j38fi3bw-glib-2.88.3-dev/include/glib-2.0/glib/gthread.h:274:7: note: in expansion of macro 'g_atomic_pointer_get'
msitools>   274 |     (!g_atomic_pointer_get (location) &&                             \
msitools>       |       ^~~~~~~~~~~~~~~~~~~~
msitools> tools/wixl/wixl.p/wix.c:8583:13: note: in expansion of macro 'g_once_init_enter'
msitools>  8583 |         if (g_once_init_enter (&wixl_wix_condition_type_id__once)) {
msitools>       |             ^~~~~~~~~~~~~~~~~
msitools> tools/wixl/wixl.p/wix.c: In function 'wixl_wix_mime_set_Advertise':
msitools> tools/wixl/wixl.p/wix.c:8686:19: warning: assignment discards 'const' qualifier from pointer target type [-Wdiscarded-qualifiers]
msitools>  8686 |         old_value = wixl_wix_mime_get_Advertise (self);
msitools>       |                   ^
msitools> tools/wixl/wixl.p/wix.c: In function 'wixl_wix_mime_set_ContentType':
msitools> tools/wixl/wixl.p/wix.c:8713:19: warning: assignment discards 'const' qualifier from pointer target type [-Wdiscarded-qualifiers]
msitools>  8713 |         old_value = wixl_wix_mime_get_ContentType (self);
msitools>       |                   ^
msitools> tools/wixl/wixl.p/wix.c: In function 'wixl_wix_mime_set_Default':
msitools> tools/wixl/wixl.p/wix.c:8740:19: warning: assignment discards 'const' qualifier from pointer target type [-Wdiscarded-qualifiers]
msitools>  8740 |         old_value = wixl_wix_mime_get_Default (self);
msitools>       |                   ^
msitools> tools/wixl/wixl.p/wix.c: In function 'wixl_wix_mime_get_type':
msitools> /nix/store/gak7fcsrc8zq8292liaqi0q1j38fi3bw-glib-2.88.3-dev/include/glib-2.0/glib/gatomic.h:131:5: warning: argument 2 of '__atomic_load' discards 'volatile' qualifier [-Wdiscarded-qualifiers]
msitools>   131 |     __atomic_load (gapg_temp_atomic, &gapg_temp_newval, __ATOMIC_SEQ_CST); \
msitools>       |     ^~~~~~~~~~~~~
msitools> /nix/store/gak7fcsrc8zq8292liaqi0q1j38fi3bw-glib-2.88.3-dev/include/glib-2.0/glib/gthread.h:274:7: note: in expansion of macro 'g_atomic_pointer_get'
msitools>   274 |     (!g_atomic_pointer_get (location) &&                             \
msitools>       |       ^~~~~~~~~~~~~~~~~~~~
msitools> tools/wixl/wixl.p/wix.c:8801:13: note: in expansion of macro 'g_once_init_enter'
msitools>  8801 |         if (g_once_init_enter (&wixl_wix_mime_type_id__once)) {
msitools>       |             ^~~~~~~~~~~~~~~~~
msitools> tools/wixl/wixl.p/wix.c: In function 'wixl_wix_service_argument_get_type':
msitools> /nix/store/gak7fcsrc8zq8292liaqi0q1j38fi3bw-glib-2.88.3-dev/include/glib-2.0/glib/gatomic.h:131:5: warning: argument 2 of '__atomic_load' discards 'volatile' qualifier [-Wdiscarded-qualifiers]
msitools>   131 |     __atomic_load (gapg_temp_atomic, &gapg_temp_newval, __ATOMIC_SEQ_CST); \
msitools>       |     ^~~~~~~~~~~~~
msitools> /nix/store/gak7fcsrc8zq8292liaqi0q1j38fi3bw-glib-2.88.3-dev/include/glib-2.0/glib/gthread.h:274:7: note: in expansion of macro 'g_atomic_pointer_get'
msitools>   274 |     (!g_atomic_pointer_get (location) &&                             \
msitools>       |       ^~~~~~~~~~~~~~~~~~~~
msitools> tools/wixl/wixl.p/wix.c:8958:13: note: in expansion of macro 'g_once_init_enter'
msitools>  8958 |         if (g_once_init_enter (&wixl_wix_service_argument_type_id__once)) {
msitools>       |             ^~~~~~~~~~~~~~~~~
msitools> tools/wixl/wixl.p/wix.c: In function 'wixl_wix_service_control_set_Name':
msitools> tools/wixl/wixl.p/wix.c:9029:19: warning: assignment discards 'const' qualifier from pointer target type [-Wdiscarded-qualifiers]
msitools>  9029 |         old_value = wixl_wix_service_control_get_Name (self);
msitools>       |                   ^
msitools> tools/wixl/wixl.p/wix.c: In function 'wixl_wix_service_control_set_Start':
msitools> tools/wixl/wixl.p/wix.c:9056:19: warning: assignment discards 'const' qualifier from pointer target type [-Wdiscarded-qualifiers]
msitools>  9056 |         old_value = wixl_wix_service_control_get_Start (self);
msitools>       |                   ^
msitools> tools/wixl/wixl.p/wix.c: In function 'wixl_wix_service_control_set_Stop':
msitools> tools/wixl/wixl.p/wix.c:9083:19: warning: assignment discards 'const' qualifier from pointer target type [-Wdiscarded-qualifiers]
msitools>  9083 |         old_value = wixl_wix_service_control_get_Stop (self);
msitools>       |                   ^
msitools> tools/wixl/wixl.p/wix.c: In function 'wixl_wix_service_control_set_Remove':
msitools> tools/wixl/wixl.p/wix.c:9110:19: warning: assignment discards 'const' qualifier from pointer target type [-Wdiscarded-qualifiers]
msitools>  9110 |         old_value = wixl_wix_service_control_get_Remove (self);
msitools>       |                   ^
msitools> tools/wixl/wixl.p/wix.c: In function 'wixl_wix_service_control_set_Wait':
msitools> tools/wixl/wixl.p/wix.c:9137:19: warning: assignment discards 'const' qualifier from pointer target type [-Wdiscarded-qualifiers]
msitools>  9137 |         old_value = wixl_wix_service_control_get_Wait (self);
msitools>       |                   ^
msitools> tools/wixl/wixl.p/wix.c: In function 'wixl_wix_service_control_class_init':
msitools> tools/wixl/wixl.p/wix.c:9155:14: warning: variable '_tmp3__length1' set but not used [-Wunused-but-set-variable]
msitools>  9155 |         gint _tmp3__length1;
msitools>       |              ^~~~~~~~~~~~~~
msitools> tools/wixl/wixl.p/wix.c: In function 'wixl_wix_service_control_get_type':
msitools> /nix/store/gak7fcsrc8zq8292liaqi0q1j38fi3bw-glib-2.88.3-dev/include/glib-2.0/glib/gatomic.h:131:5: warning: argument 2 of '__atomic_load' discards 'volatile' qualifier [-Wdiscarded-qualifiers]
msitools>   131 |     __atomic_load (gapg_temp_atomic, &gapg_temp_newval, __ATOMIC_SEQ_CST); \
msitools>       |     ^~~~~~~~~~~~~
msitools> /nix/store/gak7fcsrc8zq8292liaqi0q1j38fi3bw-glib-2.88.3-dev/include/glib-2.0/glib/gthread.h:274:7: note: in expansion of macro 'g_atomic_pointer_get'
msitools>   274 |     (!g_atomic_pointer_get (location) &&                             \
msitools>       |       ^~~~~~~~~~~~~~~~~~~~
msitools> tools/wixl/wixl.p/wix.c:9213:13: note: in expansion of macro 'g_once_init_enter'
msitools>  9213 |         if (g_once_init_enter (&wixl_wix_service_control_type_id__once)) {
msitools>       |             ^~~~~~~~~~~~~~~~~
msitools> tools/wixl/wixl.p/wix.c: In function 'wixl_wix_service_dependency_set_Group':
msitools> tools/wixl/wixl.p/wix.c:9334:19: warning: assignment discards 'const' qualifier from pointer target type [-Wdiscarded-qualifiers]
msitools>  9334 |         old_value = wixl_wix_service_dependency_get_Group (self);
msitools>       |                   ^
msitools> tools/wixl/wixl.p/wix.c: In function 'wixl_wix_service_dependency_get_type':
msitools> /nix/store/gak7fcsrc8zq8292liaqi0q1j38fi3bw-glib-2.88.3-dev/include/glib-2.0/glib/gatomic.h:131:5: warning: argument 2 of '__atomic_load' discards 'volatile' qualifier [-Wdiscarded-qualifiers]
msitools>   131 |     __atomic_load (gapg_temp_atomic, &gapg_temp_newval, __ATOMIC_SEQ_CST); \
msitools>       |     ^~~~~~~~~~~~~
msitools> /nix/store/gak7fcsrc8zq8292liaqi0q1j38fi3bw-glib-2.88.3-dev/include/glib-2.0/glib/gthread.h:274:7: note: in expansion of macro 'g_atomic_pointer_get'
msitools>   274 |     (!g_atomic_pointer_get (location) &&                             \
msitools>       |       ^~~~~~~~~~~~~~~~~~~~
msitools> tools/wixl/wixl.p/wix.c:9391:13: note: in expansion of macro 'g_once_init_enter'
msitools>  9391 |         if (g_once_init_enter (&wixl_wix_service_dependency_type_id__once)) {
msitools>       |             ^~~~~~~~~~~~~~~~~
msitools> tools/wixl/wixl.p/wix.c: In function 'wixl_wix_service_install_set_Name':
msitools> tools/wixl/wixl.p/wix.c:9498:19: warning: assignment discards 'const' qualifier from pointer target type [-Wdiscarded-qualifiers]
msitools>  9498 |         old_value = wixl_wix_service_install_get_Name (self);
msitools>       |                   ^
msitools> tools/wixl/wixl.p/wix.c: In function 'wixl_wix_service_install_set_DisplayName':
msitools> tools/wixl/wixl.p/wix.c:9525:19: warning: assignment discards 'const' qualifier from pointer target type [-Wdiscarded-qualifiers]
msitools>  9525 |         old_value = wixl_wix_service_install_get_DisplayName (self);
msitools>       |                   ^
msitools> tools/wixl/wixl.p/wix.c: In function 'wixl_wix_service_install_set_Type':
msitools> tools/wixl/wixl.p/wix.c:9552:19: warning: assignment discards 'const' qualifier from pointer target type [-Wdiscarded-qualifiers]
msitools>  9552 |         old_value = wixl_wix_service_install_get_Type (self);
msitools>       |                   ^
msitools> tools/wixl/wixl.p/wix.c: In function 'wixl_wix_service_install_set_Interactive':
msitools> tools/wixl/wixl.p/wix.c:9579:19: warning: assignment discards 'const' qualifier from pointer target type [-Wdiscarded-qualifiers]
msitools>  9579 |         old_value = wixl_wix_service_install_get_Interactive (self);
msitools>       |                   ^
msitools> tools/wixl/wixl.p/wix.c: In function 'wixl_wix_service_install_set_Start':
msitools> tools/wixl/wixl.p/wix.c:9606:19: warning: assignment discards 'const' qualifier from pointer target type [-Wdiscarded-qualifiers]
msitools>  9606 |         old_value = wixl_wix_service_install_get_Start (self);
msitools>       |                   ^
msitools> tools/wixl/wixl.p/wix.c: In function 'wixl_wix_service_install_set_ErrorControl':
msitools> tools/wixl/wixl.p/wix.c:9633:19: warning: assignment discards 'const' qualifier from pointer target type [-Wdiscarded-qualifiers]
msitools>  9633 |         old_value = wixl_wix_service_install_get_ErrorControl (self);
msitools>       |                   ^
msitools> tools/wixl/wixl.p/wix.c: In function 'wixl_wix_service_install_set_Vital':
msitools> tools/wixl/wixl.p/wix.c:9660:19: warning: assignment discards 'const' qualifier from pointer target type [-Wdiscarded-qualifiers]
msitools>  9660 |         old_value = wixl_wix_service_install_get_Vital (self);
msitools>       |                   ^
msitools> tools/wixl/wixl.p/wix.c: In function 'wixl_wix_service_install_set_LoadOrderGroup':
msitools> tools/wixl/wixl.p/wix.c:9687:19: warning: assignment discards 'const' qualifier from pointer target type [-Wdiscarded-qualifiers]
msitools>  9687 |         old_value = wixl_wix_service_install_get_LoadOrderGroup (self);
msitools>       |                   ^
msitools> tools/wixl/wixl.p/wix.c: In function 'wixl_wix_service_install_set_Account':
msitools> tools/wixl/wixl.p/wix.c:9714:19: warning: assignment discards 'const' qualifier from pointer target type [-Wdiscarded-qualifiers]
msitools>  9714 |         old_value = wixl_wix_service_install_get_Account (self);
msitools>       |                   ^
msitools> tools/wixl/wixl.p/wix.c: In function 'wixl_wix_service_install_set_Password':
msitools> tools/wixl/wixl.p/wix.c:9741:19: warning: assignment discards 'const' qualifier from pointer target type [-Wdiscarded-qualifiers]
msitools>  9741 |         old_value = wixl_wix_service_install_get_Password (self);
msitools>       |                   ^
msitools> tools/wixl/wixl.p/wix.c: In function 'wixl_wix_service_install_set_Arguments':
msitools> tools/wixl/wixl.p/wix.c:9768:19: warning: assignment discards 'const' qualifier from pointer target type [-Wdiscarded-qualifiers]
msitools>  9768 |         old_value = wixl_wix_service_install_get_Arguments (self);
msitools>       |                   ^
msitools> tools/wixl/wixl.p/wix.c: In function 'wixl_wix_service_install_set_Description':
msitools> tools/wixl/wixl.p/wix.c:9795:19: warning: assignment discards 'const' qualifier from pointer target type [-Wdiscarded-qualifiers]
msitools>  9795 |         old_value = wixl_wix_service_install_get_Description (self);
msitools>       |                   ^
msitools> tools/wixl/wixl.p/wix.c: In function 'wixl_wix_service_install_set_EraseDescription':
msitools> tools/wixl/wixl.p/wix.c:9822:19: warning: assignment discards 'const' qualifier from pointer target type [-Wdiscarded-qualifiers]
msitools>  9822 |         old_value = wixl_wix_service_install_get_EraseDescription (self);
msitools>       |                   ^
msitools> tools/wixl/wixl.p/wix.c: In function 'wixl_wix_service_install_class_init':
msitools> tools/wixl/wixl.p/wix.c:9840:14: warning: variable '_tmp3__length1' set but not used [-Wunused-but-set-variable]
msitools>  9840 |         gint _tmp3__length1;
msitools>       |              ^~~~~~~~~~~~~~
msitools> tools/wixl/wixl.p/wix.c: In function 'wixl_wix_service_install_get_type':
msitools> /nix/store/gak7fcsrc8zq8292liaqi0q1j38fi3bw-glib-2.88.3-dev/include/glib-2.0/glib/gatomic.h:131:5: warning: argument 2 of '__atomic_load' discards 'volatile' qualifier [-Wdiscarded-qualifiers]
msitools>   131 |     __atomic_load (gapg_temp_atomic, &gapg_temp_newval, __ATOMIC_SEQ_CST); \
msitools>       |     ^~~~~~~~~~~~~
msitools> /nix/store/gak7fcsrc8zq8292liaqi0q1j38fi3bw-glib-2.88.3-dev/include/glib-2.0/glib/gthread.h:274:7: note: in expansion of macro 'g_atomic_pointer_get'
msitools>   274 |     (!g_atomic_pointer_get (location) &&                             \
msitools>       |       ^~~~~~~~~~~~~~~~~~~~
msitools> tools/wixl/wixl.p/wix.c:9914:13: note: in expansion of macro 'g_once_init_enter'
msitools>  9914 |         if (g_once_init_enter (&wixl_wix_service_install_type_id__once)) {
msitools>       |             ^~~~~~~~~~~~~~~~~
msitools> tools/wixl/wixl.p/wix.c: In function 'wixl_wix_verb_set_Command':
msitools> tools/wixl/wixl.p/wix.c:10088:19: warning: assignment discards 'const' qualifier from pointer target type [-Wdiscarded-qualifiers]
msitools> 10088 |         old_value = wixl_wix_verb_get_Command (self);
msitools>       |                   ^
msitools> tools/wixl/wixl.p/wix.c: In function 'wixl_wix_verb_set_TargetFile':
msitools> tools/wixl/wixl.p/wix.c:10115:19: warning: assignment discards 'const' qualifier from pointer target type [-Wdiscarded-qualifiers]
msitools> 10115 |         old_value = wixl_wix_verb_get_TargetFile (self);
msitools>       |                   ^
msitools> tools/wixl/wixl.p/wix.c: In function 'wixl_wix_verb_set_Argument':
msitools> tools/wixl/wixl.p/wix.c:10142:19: warning: assignment discards 'const' qualifier from pointer target type [-Wdiscarded-qualifiers]
msitools> 10142 |         old_value = wixl_wix_verb_get_Argument (self);
msitools>       |                   ^
msitools> tools/wixl/wixl.p/wix.c: In function 'wixl_wix_verb_get_type':
msitools> /nix/store/gak7fcsrc8zq8292liaqi0q1j38fi3bw-glib-2.88.3-dev/include/glib-2.0/glib/gatomic.h:131:5: warning: argument 2 of '__atomic_load' discards 'volatile' qualifier [-Wdiscarded-qualifiers]
msitools>   131 |     __atomic_load (gapg_temp_atomic, &gapg_temp_newval, __ATOMIC_SEQ_CST); \
msitools>       |     ^~~~~~~~~~~~~
msitools> /nix/store/gak7fcsrc8zq8292liaqi0q1j38fi3bw-glib-2.88.3-dev/include/glib-2.0/glib/gthread.h:274:7: note: in expansion of macro 'g_atomic_pointer_get'
msitools>   274 |     (!g_atomic_pointer_get (location) &&                             \
msitools>       |       ^~~~~~~~~~~~~~~~~~~~
msitools> tools/wixl/wixl.p/wix.c:10203:13: note: in expansion of macro 'g_once_init_enter'
msitools> 10203 |         if (g_once_init_enter (&wixl_wix_verb_type_id__once)) {
msitools>       |             ^~~~~~~~~~~~~~~~~
msitools> tools/wixl/wixl.p/wix.c: In function 'wixl_wix_extension_set_ContentType':
msitools> tools/wixl/wixl.p/wix.c:10317:19: warning: assignment discards 'const' qualifier from pointer target type [-Wdiscarded-qualifiers]
msitools> 10317 |         old_value = wixl_wix_extension_get_ContentType (self);
msitools>       |                   ^
msitools> tools/wixl/wixl.p/wix.c: In function 'wixl_wix_extension_set_Advertise':
msitools> tools/wixl/wixl.p/wix.c:10344:19: warning: assignment discards 'const' qualifier from pointer target type [-Wdiscarded-qualifiers]
msitools> 10344 |         old_value = wixl_wix_extension_get_Advertise (self);
msitools>       |                   ^
msitools> tools/wixl/wixl.p/wix.c: In function 'wixl_wix_extension_class_init':
msitools> tools/wixl/wixl.p/wix.c:10362:14: warning: variable '_tmp3__length1' set but not used [-Wunused-but-set-variable]
msitools> 10362 |         gint _tmp3__length1;
msitools>       |              ^~~~~~~~~~~~~~
msitools> tools/wixl/wixl.p/wix.c: In function 'wixl_wix_extension_get_type':
msitools> /nix/store/gak7fcsrc8zq8292liaqi0q1j38fi3bw-glib-2.88.3-dev/include/glib-2.0/glib/gatomic.h:131:5: warning: argument 2 of '__atomic_load' discards 'volatile' qualifier [-Wdiscarded-qualifiers]
msitools>   131 |     __atomic_load (gapg_temp_atomic, &gapg_temp_newval, __ATOMIC_SEQ_CST); \
msitools>       |     ^~~~~~~~~~~~~
msitools> /nix/store/gak7fcsrc8zq8292liaqi0q1j38fi3bw-glib-2.88.3-dev/include/glib-2.0/glib/gthread.h:274:7: note: in expansion of macro 'g_atomic_pointer_get'
msitools>   274 |     (!g_atomic_pointer_get (location) &&                             \
msitools>       |       ^~~~~~~~~~~~~~~~~~~~
msitools> tools/wixl/wixl.p/wix.c:10415:13: note: in expansion of macro 'g_once_init_enter'
msitools> 10415 |         if (g_once_init_enter (&wixl_wix_extension_type_id__once)) {
msitools>       |             ^~~~~~~~~~~~~~~~~
msitools> tools/wixl/wixl.p/wix.c: In function 'wixl_wix_prog_id_set_Description':
msitools> tools/wixl/wixl.p/wix.c:10523:19: warning: assignment discards 'const' qualifier from pointer target type [-Wdiscarded-qualifiers]
msitools> 10523 |         old_value = wixl_wix_prog_id_get_Description (self);
msitools>       |                   ^
msitools> tools/wixl/wixl.p/wix.c: In function 'wixl_wix_prog_id_set_Advertise':
msitools> tools/wixl/wixl.p/wix.c:10550:19: warning: assignment discards 'const' qualifier from pointer target type [-Wdiscarded-qualifiers]
msitools> 10550 |         old_value = wixl_wix_prog_id_get_Advertise (self);
msitools>       |                   ^
msitools> tools/wixl/wixl.p/wix.c: In function 'wixl_wix_prog_id_class_init':
msitools> tools/wixl/wixl.p/wix.c:10568:14: warning: variable '_tmp3__length1' set but not used [-Wunused-but-set-variable]
msitools> 10568 |         gint _tmp3__length1;
msitools>       |              ^~~~~~~~~~~~~~
msitools> tools/wixl/wixl.p/wix.c: In function 'wixl_wix_prog_id_get_type':
msitools> /nix/store/gak7fcsrc8zq8292liaqi0q1j38fi3bw-glib-2.88.3-dev/include/glib-2.0/glib/gatomic.h:131:5: warning: argument 2 of '__atomic_load' discards 'volatile' qualifier [-Wdiscarded-qualifiers]
msitools>   131 |     __atomic_load (gapg_temp_atomic, &gapg_temp_newval, __ATOMIC_SEQ_CST); \
msitools>       |     ^~~~~~~~~~~~~
msitools> /nix/store/gak7fcsrc8zq8292liaqi0q1j38fi3bw-glib-2.88.3-dev/include/glib-2.0/glib/gthread.h:274:7: note: in expansion of macro 'g_atomic_pointer_get'
msitools>   274 |     (!g_atomic_pointer_get (location) &&                             \
msitools>       |       ^~~~~~~~~~~~~~~~~~~~
msitools> tools/wixl/wixl.p/wix.c:10620:13: note: in expansion of macro 'g_once_init_enter'
msitools> 10620 |         if (g_once_init_enter (&wixl_wix_prog_id_type_id__once)) {
msitools>       |             ^~~~~~~~~~~~~~~~~
msitools> tools/wixl/wixl.p/wix.c: In function 'wixl_wix_action_real_load':
msitools> tools/wixl/wixl.p/wix.c:10697:16: warning: pointer targets in assignment from 'const xmlChar *' {aka 'const unsigned char *'} to 'const gchar *' {aka 'const char *'} differ in signedness [-Wpointer-sign]
msitools> 10697 |         _tmp0_ = node->name;
msitools>       |                ^
msitools> tools/wixl/wixl.p/wix.c: In function 'wixl_wix_action_set_After':
msitools> tools/wixl/wixl.p/wix.c:10750:19: warning: assignment discards 'const' qualifier from pointer target type [-Wdiscarded-qualifiers]
msitools> 10750 |         old_value = wixl_wix_action_get_After (self);
msitools>       |                   ^
msitools> tools/wixl/wixl.p/wix.c: In function 'wixl_wix_action_set_Before':
msitools> tools/wixl/wixl.p/wix.c:10777:19: warning: assignment discards 'const' qualifier from pointer target type [-Wdiscarded-qualifiers]
msitools> 10777 |         old_value = wixl_wix_action_get_Before (self);
msitools>       |                   ^
msitools> tools/wixl/wixl.p/wix.c: In function 'wixl_wix_action_set_Overridable':
msitools> tools/wixl/wixl.p/wix.c:10804:19: warning: assignment discards 'const' qualifier from pointer target type [-Wdiscarded-qualifiers]
msitools> 10804 |         old_value = wixl_wix_action_get_Overridable (self);
msitools>       |                   ^
msitools> tools/wixl/wixl.p/wix.c: In function 'wixl_wix_action_set_Sequence':
msitools> tools/wixl/wixl.p/wix.c:10831:19: warning: assignment discards 'const' qualifier from pointer target type [-Wdiscarded-qualifiers]
msitools> 10831 |         old_value = wixl_wix_action_get_Sequence (self);
msitools>       |                   ^
msitools> tools/wixl/wixl.p/wix.c: In function 'wixl_wix_action_set_Suppress':
msitools> tools/wixl/wixl.p/wix.c:10858:19: warning: assignment discards 'const' qualifier from pointer target type [-Wdiscarded-qualifiers]
msitools> 10858 |         old_value = wixl_wix_action_get_Suppress (self);
msitools>       |                   ^
msitools> tools/wixl/wixl.p/wix.c: In function 'wixl_wix_action_set_Action':
msitools> tools/wixl/wixl.p/wix.c:10885:19: warning: assignment discards 'const' qualifier from pointer target type [-Wdiscarded-qualifiers]
msitools> 10885 |         old_value = wixl_wix_action_get_Action (self);
msitools>       |                   ^
msitools> tools/wixl/wixl.p/wix.c: In function 'wixl_wix_action_set_Dialog':
msitools> tools/wixl/wixl.p/wix.c:10912:19: warning: assignment discards 'const' qualifier from pointer target type [-Wdiscarded-qualifiers]
msitools> 10912 |         old_value = wixl_wix_action_get_Dialog (self);
msitools>       |                   ^
msitools> tools/wixl/wixl.p/wix.c: In function 'wixl_wix_action_set_OnExit':
msitools> tools/wixl/wixl.p/wix.c:10939:19: warning: assignment discards 'const' qualifier from pointer target type [-Wdiscarded-qualifiers]
msitools> 10939 |         old_value = wixl_wix_action_get_OnExit (self);
msitools>       |                   ^
msitools> tools/wixl/wixl.p/wix.c: In function 'wixl_wix_action_set_Condition':
msitools> tools/wixl/wixl.p/wix.c:10966:19: warning: assignment discards 'const' qualifier from pointer target type [-Wdiscarded-qualifiers]
msitools> 10966 |         old_value = wixl_wix_action_get_Condition (self);
msitools>       |                   ^
msitools> tools/wixl/wixl.p/wix.c: In function 'wixl_wix_action_get_type':
msitools> /nix/store/gak7fcsrc8zq8292liaqi0q1j38fi3bw-glib-2.88.3-dev/include/glib-2.0/glib/gatomic.h:131:5: warning: argument 2 of '__atomic_load' discards 'volatile' qualifier [-Wdiscarded-qualifiers]
msitools>   131 |     __atomic_load (gapg_temp_atomic, &gapg_temp_newval, __ATOMIC_SEQ_CST); \
msitools>       |     ^~~~~~~~~~~~~
msitools> /nix/store/gak7fcsrc8zq8292liaqi0q1j38fi3bw-glib-2.88.3-dev/include/glib-2.0/glib/gthread.h:274:7: note: in expansion of macro 'g_atomic_pointer_get'
msitools>   274 |     (!g_atomic_pointer_get (location) &&                             \
msitools>       |       ^~~~~~~~~~~~~~~~~~~~
msitools> tools/wixl/wixl.p/wix.c:11037:13: note: in expansion of macro 'g_once_init_enter'
msitools> 11037 |         if (g_once_init_enter (&wixl_wix_action_type_id__once)) {
msitools>       |             ^~~~~~~~~~~~~~~~~
msitools> tools/wixl/wixl.p/wix.c: In function 'wixl_wix_sequence_get_type':
msitools> /nix/store/gak7fcsrc8zq8292liaqi0q1j38fi3bw-glib-2.88.3-dev/include/glib-2.0/glib/gatomic.h:131:5: warning: argument 2 of '__atomic_load' discards 'volatile' qualifier [-Wdiscarded-qualifiers]
msitools>   131 |     __atomic_load (gapg_temp_atomic, &gapg_temp_newval, __ATOMIC_SEQ_CST); \
msitools>       |     ^~~~~~~~~~~~~
msitools> /nix/store/gak7fcsrc8zq8292liaqi0q1j38fi3bw-glib-2.88.3-dev/include/glib-2.0/glib/gthread.h:274:7: note: in expansion of macro 'g_atomic_pointer_get'
msitools>   274 |     (!g_atomic_pointer_get (location) &&                             \
msitools>       |       ^~~~~~~~~~~~~~~~~~~~
msitools> tools/wixl/wixl.p/wix.c:11191:13: note: in expansion of macro 'g_once_init_enter'
msitools> 11191 |         if (g_once_init_enter (&wixl_wix_sequence_type_id__once)) {
msitools>       |             ^~~~~~~~~~~~~~~~~
msitools> tools/wixl/wixl.p/wix.c: In function 'wixl_wix_install_execute_sequence_class_init':
msitools> tools/wixl/wixl.p/wix.c:11446:22: warning: unused variable '_action_collection_size_' [-Wunused-variable]
msitools> 11446 |                 gint _action_collection_size_ = 0;
msitools>       |                      ^~~~~~~~~~~~~~~~~~~~~~~~
msitools> tools/wixl/wixl.p/wix.c: In function 'wixl_wix_install_execute_sequence_get_type':
msitools> /nix/store/gak7fcsrc8zq8292liaqi0q1j38fi3bw-glib-2.88.3-dev/include/glib-2.0/glib/gatomic.h:131:5: warning: argument 2 of '__atomic_load' discards 'volatile' qualifier [-Wdiscarded-qualifiers]
msitools>   131 |     __atomic_load (gapg_temp_atomic, &gapg_temp_newval, __ATOMIC_SEQ_CST); \
msitools>       |     ^~~~~~~~~~~~~
msitools> /nix/store/gak7fcsrc8zq8292liaqi0q1j38fi3bw-glib-2.88.3-dev/include/glib-2.0/glib/gthread.h:274:7: note: in expansion of macro 'g_atomic_pointer_get'
msitools>   274 |     (!g_atomic_pointer_get (location) &&                             \
msitools>       |       ^~~~~~~~~~~~~~~~~~~~
msitools> tools/wixl/wixl.p/wix.c:11489:13: note: in expansion of macro 'g_once_init_enter'
msitools> 11489 |         if (g_once_init_enter (&wixl_wix_install_execute_sequence_type_id__once)) {
msitools>       |             ^~~~~~~~~~~~~~~~~
msitools> tools/wixl/wixl.p/wix.c: In function 'wixl_wix_install_ui_sequence_class_init':
msitools> tools/wixl/wixl.p/wix.c:11600:22: warning: unused variable '_action_collection_size_' [-Wunused-variable]
msitools> 11600 |                 gint _action_collection_size_ = 0;
msitools>       |                      ^~~~~~~~~~~~~~~~~~~~~~~~
msitools> tools/wixl/wixl.p/wix.c: In function 'wixl_wix_install_ui_sequence_get_type':
msitools> /nix/store/gak7fcsrc8zq8292liaqi0q1j38fi3bw-glib-2.88.3-dev/include/glib-2.0/glib/gatomic.h:131:5: warning: argument 2 of '__atomic_load' discards 'volatile' qualifier [-Wdiscarded-qualifiers]
msitools>   131 |     __atomic_load (gapg_temp_atomic, &gapg_temp_newval, __ATOMIC_SEQ_CST); \
msitools>       |     ^~~~~~~~~~~~~
msitools> /nix/store/gak7fcsrc8zq8292liaqi0q1j38fi3bw-glib-2.88.3-dev/include/glib-2.0/glib/gthread.h:274:7: note: in expansion of macro 'g_atomic_pointer_get'
msitools>   274 |     (!g_atomic_pointer_get (location) &&                             \
msitools>       |       ^~~~~~~~~~~~~~~~~~~~
msitools> tools/wixl/wixl.p/wix.c:11643:13: note: in expansion of macro 'g_once_init_enter'
msitools> 11643 |         if (g_once_init_enter (&wixl_wix_install_ui_sequence_type_id__once)) {
msitools>       |             ^~~~~~~~~~~~~~~~~
msitools> tools/wixl/wixl.p/wix.c: In function 'wixl_wix_admin_execute_sequence_class_init':
msitools> tools/wixl/wixl.p/wix.c:11715:22: warning: unused variable '_action_collection_size_' [-Wunused-variable]
msitools> 11715 |                 gint _action_collection_size_ = 0;
msitools>       |                      ^~~~~~~~~~~~~~~~~~~~~~~~
msitools> tools/wixl/wixl.p/wix.c: In function 'wixl_wix_admin_execute_sequence_get_type':
msitools> /nix/store/gak7fcsrc8zq8292liaqi0q1j38fi3bw-glib-2.88.3-dev/include/glib-2.0/glib/gatomic.h:131:5: warning: argument 2 of '__atomic_load' discards 'volatile' qualifier [-Wdiscarded-qualifiers]
msitools>   131 |     __atomic_load (gapg_temp_atomic, &gapg_temp_newval, __ATOMIC_SEQ_CST); \
msitools>       |     ^~~~~~~~~~~~~
msitools> /nix/store/gak7fcsrc8zq8292liaqi0q1j38fi3bw-glib-2.88.3-dev/include/glib-2.0/glib/gthread.h:274:7: note: in expansion of macro 'g_atomic_pointer_get'
msitools>   274 |     (!g_atomic_pointer_get (location) &&                             \
msitools>       |       ^~~~~~~~~~~~~~~~~~~~
msitools> tools/wixl/wixl.p/wix.c:11758:13: note: in expansion of macro 'g_once_init_enter'
msitools> 11758 |         if (g_once_init_enter (&wixl_wix_admin_execute_sequence_type_id__once)) {
msitools>       |             ^~~~~~~~~~~~~~~~~
msitools> tools/wixl/wixl.p/wix.c: In function 'wixl_wix_admin_ui_sequence_class_init':
msitools> tools/wixl/wixl.p/wix.c:11839:22: warning: unused variable '_action_collection_size_' [-Wunused-variable]
msitools> 11839 |                 gint _action_collection_size_ = 0;
msitools>       |                      ^~~~~~~~~~~~~~~~~~~~~~~~
msitools> tools/wixl/wixl.p/wix.c: In function 'wixl_wix_admin_ui_sequence_get_type':
msitools> /nix/store/gak7fcsrc8zq8292liaqi0q1j38fi3bw-glib-2.88.3-dev/include/glib-2.0/glib/gatomic.h:131:5: warning: argument 2 of '__atomic_load' discards 'volatile' qualifier [-Wdiscarded-qualifiers]
msitools>   131 |     __atomic_load (gapg_temp_atomic, &gapg_temp_newval, __ATOMIC_SEQ_CST); \
msitools>       |     ^~~~~~~~~~~~~
msitools> /nix/store/gak7fcsrc8zq8292liaqi0q1j38fi3bw-glib-2.88.3-dev/include/glib-2.0/glib/gthread.h:274:7: note: in expansion of macro 'g_atomic_pointer_get'
msitools>   274 |     (!g_atomic_pointer_get (location) &&                             \
msitools>       |       ^~~~~~~~~~~~~~~~~~~~
msitools> tools/wixl/wixl.p/wix.c:11882:13: note: in expansion of macro 'g_once_init_enter'
msitools> 11882 |         if (g_once_init_enter (&wixl_wix_admin_ui_sequence_type_id__once)) {
msitools>       |             ^~~~~~~~~~~~~~~~~
msitools> tools/wixl/wixl.p/wix.c: In function 'wixl_wix_advertise_execute_sequence_class_init':
msitools> tools/wixl/wixl.p/wix.c:11963:22: warning: unused variable '_action_collection_size_' [-Wunused-variable]
msitools> 11963 |                 gint _action_collection_size_ = 0;
msitools>       |                      ^~~~~~~~~~~~~~~~~~~~~~~~
msitools> tools/wixl/wixl.p/wix.c: In function 'wixl_wix_advertise_execute_sequence_get_type':
msitools> /nix/store/gak7fcsrc8zq8292liaqi0q1j38fi3bw-glib-2.88.3-dev/include/glib-2.0/glib/gatomic.h:131:5: warning: argument 2 of '__atomic_load' discards 'volatile' qualifier [-Wdiscarded-qualifiers]
msitools>   131 |     __atomic_load (gapg_temp_atomic, &gapg_temp_newval, __ATOMIC_SEQ_CST); \
msitools>       |     ^~~~~~~~~~~~~
msitools> /nix/store/gak7fcsrc8zq8292liaqi0q1j38fi3bw-glib-2.88.3-dev/include/glib-2.0/glib/gthread.h:274:7: note: in expansion of macro 'g_atomic_pointer_get'
msitools>   274 |     (!g_atomic_pointer_get (location) &&                             \
msitools>       |       ^~~~~~~~~~~~~~~~~~~~
msitools> tools/wixl/wixl.p/wix.c:12006:13: note: in expansion of macro 'g_once_init_enter'
msitools> 12006 |         if (g_once_init_enter (&wixl_wix_advertise_execute_sequence_type_id__once)) {
msitools>       |             ^~~~~~~~~~~~~~~~~
msitools> tools/wixl/wixl.p/wix.c: In function 'wixl_wix_upgrade_class_init':
msitools> tools/wixl/wixl.p/wix.c:12057:14: warning: variable '_tmp3__length1' set but not used [-Wunused-but-set-variable]
msitools> 12057 |         gint _tmp3__length1;
msitools>       |              ^~~~~~~~~~~~~~
msitools> tools/wixl/wixl.p/wix.c: In function 'wixl_wix_upgrade_get_type':
msitools> /nix/store/gak7fcsrc8zq8292liaqi0q1j38fi3bw-glib-2.88.3-dev/include/glib-2.0/glib/gatomic.h:131:5: warning: argument 2 of '__atomic_load' discards 'volatile' qualifier [-Wdiscarded-qualifiers]
msitools>   131 |     __atomic_load (gapg_temp_atomic, &gapg_temp_newval, __ATOMIC_SEQ_CST); \
msitools>       |     ^~~~~~~~~~~~~
msitools> /nix/store/gak7fcsrc8zq8292liaqi0q1j38fi3bw-glib-2.88.3-dev/include/glib-2.0/glib/gthread.h:274:7: note: in expansion of macro 'g_atomic_pointer_get'
msitools>   274 |     (!g_atomic_pointer_get (location) &&                             \
msitools>       |       ^~~~~~~~~~~~~~~~~~~~
msitools> tools/wixl/wixl.p/wix.c:12091:13: note: in expansion of macro 'g_once_init_enter'
msitools> 12091 |         if (g_once_init_enter (&wixl_wix_upgrade_type_id__once)) {
msitools>       |             ^~~~~~~~~~~~~~~~~
msitools> tools/wixl/wixl.p/wix.c: In function 'wixl_wix_upgrade_version_set_Minimum':
msitools> tools/wixl/wixl.p/wix.c:12152:19: warning: assignment discards 'const' qualifier from pointer target type [-Wdiscarded-qualifiers]
msitools> 12152 |         old_value = wixl_wix_upgrade_version_get_Minimum (self);
msitools>       |                   ^
msitools> tools/wixl/wixl.p/wix.c: In function 'wixl_wix_upgrade_version_set_Maximum':
msitools> tools/wixl/wixl.p/wix.c:12179:19: warning: assignment discards 'const' qualifier from pointer target type [-Wdiscarded-qualifiers]
msitools> 12179 |         old_value = wixl_wix_upgrade_version_get_Maximum (self);
msitools>       |                   ^
msitools> tools/wixl/wixl.p/wix.c: In function 'wixl_wix_upgrade_version_set_IncludeMinimum':
msitools> tools/wixl/wixl.p/wix.c:12206:19: warning: assignment discards 'const' qualifier from pointer target type [-Wdiscarded-qualifiers]
msitools> 12206 |         old_value = wixl_wix_upgrade_version_get_IncludeMinimum (self);
msitools>       |                   ^
msitools> tools/wixl/wixl.p/wix.c: In function 'wixl_wix_upgrade_version_set_IncludeMaximum':
msitools> tools/wixl/wixl.p/wix.c:12233:19: warning: assignment discards 'const' qualifier from pointer target type [-Wdiscarded-qualifiers]
msitools> 12233 |         old_value = wixl_wix_upgrade_version_get_IncludeMaximum (self);
msitools>       |                   ^
msitools> tools/wixl/wixl.p/wix.c: In function 'wixl_wix_upgrade_version_set_MigrateFeatures':
msitools> tools/wixl/wixl.p/wix.c:12260:19: warning: assignment discards 'const' qualifier from pointer target type [-Wdiscarded-qualifiers]
msitools> 12260 |         old_value = wixl_wix_upgrade_version_get_MigrateFeatures (self);
msitools>       |                   ^
msitools> tools/wixl/wixl.p/wix.c: In function 'wixl_wix_upgrade_version_set_OnlyDetect':
msitools> tools/wixl/wixl.p/wix.c:12287:19: warning: assignment discards 'const' qualifier from pointer target type [-Wdiscarded-qualifiers]
msitools> 12287 |         old_value = wixl_wix_upgrade_version_get_OnlyDetect (self);
msitools>       |                   ^
msitools> tools/wixl/wixl.p/wix.c: In function 'wixl_wix_upgrade_version_set_Property':
msitools> tools/wixl/wixl.p/wix.c:12314:19: warning: assignment discards 'const' qualifier from pointer target type [-Wdiscarded-qualifiers]
msitools> 12314 |         old_value = wixl_wix_upgrade_version_get_Property (self);
msitools>       |                   ^
msitools> tools/wixl/wixl.p/wix.c: In function 'wixl_wix_upgrade_version_get_type':
msitools> /nix/store/gak7fcsrc8zq8292liaqi0q1j38fi3bw-glib-2.88.3-dev/include/glib-2.0/glib/gatomic.h:131:5: warning: argument 2 of '__atomic_load' discards 'volatile' qualifier [-Wdiscarded-qualifiers]
msitools>   131 |     __atomic_load (gapg_temp_atomic, &gapg_temp_newval, __ATOMIC_SEQ_CST); \
msitools>       |     ^~~~~~~~~~~~~
msitools> /nix/store/gak7fcsrc8zq8292liaqi0q1j38fi3bw-glib-2.88.3-dev/include/glib-2.0/glib/gthread.h:274:7: note: in expansion of macro 'g_atomic_pointer_get'
msitools>   274 |     (!g_atomic_pointer_get (location) &&                             \
msitools>       |       ^~~~~~~~~~~~~~~~~~~~
msitools> tools/wixl/wixl.p/wix.c:12383:13: note: in expansion of macro 'g_once_init_enter'
msitools> 12383 |         if (g_once_init_enter (&wixl_wix_upgrade_version_type_id__once)) {
msitools>       |             ^~~~~~~~~~~~~~~~~
msitools> tools/wixl/wixl.p/wix.c: In function 'wixl_wix_custom_action_set_Property':
msitools> tools/wixl/wixl.p/wix.c:12516:19: warning: assignment discards 'const' qualifier from pointer target type [-Wdiscarded-qualifiers]
msitools> 12516 |         old_value = wixl_wix_custom_action_get_Property (self);
msitools>       |                   ^
msitools> tools/wixl/wixl.p/wix.c: In function 'wixl_wix_custom_action_set_Execute':
msitools> tools/wixl/wixl.p/wix.c:12543:19: warning: assignment discards 'const' qualifier from pointer target type [-Wdiscarded-qualifiers]
msitools> 12543 |         old_value = wixl_wix_custom_action_get_Execute (self);
msitools>       |                   ^
msitools> tools/wixl/wixl.p/wix.c: In function 'wixl_wix_custom_action_set_FileKey':
msitools> tools/wixl/wixl.p/wix.c:12570:19: warning: assignment discards 'const' qualifier from pointer target type [-Wdiscarded-qualifiers]
msitools> 12570 |         old_value = wixl_wix_custom_action_get_FileKey (self);
msitools>       |                   ^
msitools> tools/wixl/wixl.p/wix.c: In function 'wixl_wix_custom_action_set_ExeCommand':
msitools> tools/wixl/wixl.p/wix.c:12597:19: warning: assignment discards 'const' qualifier from pointer target type [-Wdiscarded-qualifiers]
msitools> 12597 |         old_value = wixl_wix_custom_action_get_ExeCommand (self);
msitools>       |                   ^
msitools> tools/wixl/wixl.p/wix.c: In function 'wixl_wix_custom_action_set_Impersonate':
msitools> tools/wixl/wixl.p/wix.c:12624:19: warning: assignment discards 'const' qualifier from pointer target type [-Wdiscarded-qualifiers]
msitools> 12624 |         old_value = wixl_wix_custom_action_get_Impersonate (self);
msitools>       |                   ^
msitools> tools/wixl/wixl.p/wix.c: In function 'wixl_wix_custom_action_set_Return':
msitools> tools/wixl/wixl.p/wix.c:12651:19: warning: assignment discards 'const' qualifier from pointer target type [-Wdiscarded-qualifiers]
msitools> 12651 |         old_value = wixl_wix_custom_action_get_Return (self);
msitools>       |                   ^
msitools> tools/wixl/wixl.p/wix.c: In function 'wixl_wix_custom_action_set_BinaryKey':
msitools> tools/wixl/wixl.p/wix.c:12678:19: warning: assignment discards 'const' qualifier from pointer target type [-Wdiscarded-qualifiers]
msitools> 12678 |         old_value = wixl_wix_custom_action_get_BinaryKey (self);
msitools>       |                   ^
msitools> tools/wixl/wixl.p/wix.c: In function 'wixl_wix_custom_action_set_DllEntry':
msitools> tools/wixl/wixl.p/wix.c:12705:19: warning: assignment discards 'const' qualifier from pointer target type [-Wdiscarded-qualifiers]
msitools> 12705 |         old_value = wixl_wix_custom_action_get_DllEntry (self);
msitools>       |                   ^
msitools> tools/wixl/wixl.p/wix.c: In function 'wixl_wix_custom_action_set_HideTarget':
msitools> tools/wixl/wixl.p/wix.c:12732:19: warning: assignment discards 'const' qualifier from pointer target type [-Wdiscarded-qualifiers]
msitools> 12732 |         old_value = wixl_wix_custom_action_get_HideTarget (self);
msitools>       |                   ^
msitools> tools/wixl/wixl.p/wix.c: In function 'wixl_wix_custom_action_set_JScriptCall':
msitools> tools/wixl/wixl.p/wix.c:12759:19: warning: assignment discards 'const' qualifier from pointer target type [-Wdiscarded-qualifiers]
msitools> 12759 |         old_value = wixl_wix_custom_action_get_JScriptCall (self);
msitools>       |                   ^
msitools> tools/wixl/wixl.p/wix.c: In function 'wixl_wix_custom_action_set_Value':
msitools> tools/wixl/wixl.p/wix.c:12786:19: warning: assignment discards 'const' qualifier from pointer target type [-Wdiscarded-qualifiers]
msitools> 12786 |         old_value = wixl_wix_custom_action_get_Value (self);
msitools>       |                   ^
msitools> tools/wixl/wixl.p/wix.c: In function 'wixl_wix_custom_action_get_type':
msitools> /nix/store/gak7fcsrc8zq8292liaqi0q1j38fi3bw-glib-2.88.3-dev/include/glib-2.0/glib/gatomic.h:131:5: warning: argument 2 of '__atomic_load' discards 'volatile' qualifier [-Wdiscarded-qualifiers]
msitools>   131 |     __atomic_load (gapg_temp_atomic, &gapg_temp_newval, __ATOMIC_SEQ_CST); \
msitools>       |     ^~~~~~~~~~~~~
msitools> /nix/store/gak7fcsrc8zq8292liaqi0q1j38fi3bw-glib-2.88.3-dev/include/glib-2.0/glib/gthread.h:274:7: note: in expansion of macro 'g_atomic_pointer_get'
msitools>   274 |     (!g_atomic_pointer_get (location) &&                             \
msitools>       |       ^~~~~~~~~~~~~~~~~~~~
msitools> tools/wixl/wixl.p/wix.c:12863:13: note: in expansion of macro 'g_once_init_enter'
msitools> 12863 |         if (g_once_init_enter (&wixl_wix_custom_action_type_id__once)) {
msitools>       |             ^~~~~~~~~~~~~~~~~
msitools> tools/wixl/wixl.p/wix.c: In function 'wixl_wix_binary_set_SourceFile':
msitools> tools/wixl/wixl.p/wix.c:13020:19: warning: assignment discards 'const' qualifier from pointer target type [-Wdiscarded-qualifiers]
msitools> 13020 |         old_value = wixl_wix_binary_get_SourceFile (self);
msitools>       |                   ^
msitools> tools/wixl/wixl.p/wix.c: In function 'wixl_wix_binary_get_type':
msitools> /nix/store/gak7fcsrc8zq8292liaqi0q1j38fi3bw-glib-2.88.3-dev/include/glib-2.0/glib/gatomic.h:131:5: warning: argument 2 of '__atomic_load' discards 'volatile' qualifier [-Wdiscarded-qualifiers]
msitools>   131 |     __atomic_load (gapg_temp_atomic, &gapg_temp_newval, __ATOMIC_SEQ_CST); \
msitools>       |     ^~~~~~~~~~~~~
msitools> /nix/store/gak7fcsrc8zq8292liaqi0q1j38fi3bw-glib-2.88.3-dev/include/glib-2.0/glib/gthread.h:274:7: note: in expansion of macro 'g_atomic_pointer_get'
msitools>   274 |     (!g_atomic_pointer_get (location) &&                             \
msitools>       |       ^~~~~~~~~~~~~~~~~~~~
msitools> tools/wixl/wixl.p/wix.c:13078:13: note: in expansion of macro 'g_once_init_enter'
msitools> 13078 |         if (g_once_init_enter (&wixl_wix_binary_type_id__once)) {
msitools>       |             ^~~~~~~~~~~~~~~~~
msitools> tools/wixl/wixl.p/wix.c: In function 'wixl_wix_major_upgrade_set_DowngradeErrorMessage':
msitools> tools/wixl/wixl.p/wix.c:13175:19: warning: assignment discards 'const' qualifier from pointer target type [-Wdiscarded-qualifiers]
msitools> 13175 |         old_value = wixl_wix_major_upgrade_get_DowngradeErrorMessage (self);
msitools>       |                   ^
msitools> tools/wixl/wixl.p/wix.c: In function 'wixl_wix_major_upgrade_set_AllowSameVersionUpgrades':
msitools> tools/wixl/wixl.p/wix.c:13202:19: warning: assignment discards 'const' qualifier from pointer target type [-Wdiscarded-qualifiers]
msitools> 13202 |         old_value = wixl_wix_major_upgrade_get_AllowSameVersionUpgrades (self);
msitools>       |                   ^
msitools> tools/wixl/wixl.p/wix.c: In function 'wixl_wix_major_upgrade_set_AllowDowngrades':
msitools> tools/wixl/wixl.p/wix.c:13229:19: warning: assignment discards 'const' qualifier from pointer target type [-Wdiscarded-qualifiers]
msitools> 13229 |         old_value = wixl_wix_major_upgrade_get_AllowDowngrades (self);
msitools>       |                   ^
msitools> tools/wixl/wixl.p/wix.c: In function 'wixl_wix_major_upgrade_get_type':
msitools> /nix/store/gak7fcsrc8zq8292liaqi0q1j38fi3bw-glib-2.88.3-dev/include/glib-2.0/glib/gatomic.h:131:5: warning: argument 2 of '__atomic_load' discards 'volatile' qualifier [-Wdiscarded-qualifiers]
msitools>   131 |     __atomic_load (gapg_temp_atomic, &gapg_temp_newval, __ATOMIC_SEQ_CST); \
msitools>       |     ^~~~~~~~~~~~~
msitools> /nix/store/gak7fcsrc8zq8292liaqi0q1j38fi3bw-glib-2.88.3-dev/include/glib-2.0/glib/gthread.h:274:7: note: in expansion of macro 'g_atomic_pointer_get'
msitools>   274 |     (!g_atomic_pointer_get (location) &&                             \
msitools>       |       ^~~~~~~~~~~~~~~~~~~~
msitools> tools/wixl/wixl.p/wix.c:13290:13: note: in expansion of macro 'g_once_init_enter'
msitools> 13290 |         if (g_once_init_enter (&wixl_wix_major_upgrade_type_id__once)) {
msitools>       |             ^~~~~~~~~~~~~~~~~
msitools> tools/wixl/wixl.p/wix.c: In function 'wixl_wix_media_template_set_EmbedCab':
msitools> tools/wixl/wixl.p/wix.c:13399:19: warning: assignment discards 'const' qualifier from pointer target type [-Wdiscarded-qualifiers]
msitools> 13399 |         old_value = wixl_wix_media_template_get_EmbedCab (self);
msitools>       |                   ^
msitools> tools/wixl/wixl.p/wix.c: In function 'wixl_wix_media_template_get_type':
msitools> /nix/store/gak7fcsrc8zq8292liaqi0q1j38fi3bw-glib-2.88.3-dev/include/glib-2.0/glib/gatomic.h:131:5: warning: argument 2 of '__atomic_load' discards 'volatile' qualifier [-Wdiscarded-qualifiers]
msitools>   131 |     __atomic_load (gapg_temp_atomic, &gapg_temp_newval, __ATOMIC_SEQ_CST); \
msitools>       |     ^~~~~~~~~~~~~
msitools> /nix/store/gak7fcsrc8zq8292liaqi0q1j38fi3bw-glib-2.88.3-dev/include/glib-2.0/glib/gthread.h:274:7: note: in expansion of macro 'g_atomic_pointer_get'
msitools>   274 |     (!g_atomic_pointer_get (location) &&                             \
msitools>       |       ^~~~~~~~~~~~~~~~~~~~
msitools> tools/wixl/wixl.p/wix.c:13456:13: note: in expansion of macro 'g_once_init_enter'
msitools> 13456 |         if (g_once_init_enter (&wixl_wix_media_template_type_id__once)) {
msitools>       |             ^~~~~~~~~~~~~~~~~
msitools> tools/wixl/wixl.p/wix.c: In function 'wixl_wix_product_set_Name':
msitools> tools/wixl/wixl.p/wix.c:13558:19: warning: assignment discards 'const' qualifier from pointer target type [-Wdiscarded-qualifiers]
msitools> 13558 |         old_value = wixl_wix_product_get_Name (self);
msitools>       |                   ^
msitools> tools/wixl/wixl.p/wix.c: In function 'wixl_wix_product_set_UpgradeCode':
msitools> tools/wixl/wixl.p/wix.c:13585:19: warning: assignment discards 'const' qualifier from pointer target type [-Wdiscarded-qualifiers]
msitools> 13585 |         old_value = wixl_wix_product_get_UpgradeCode (self);
msitools>       |                   ^
msitools> tools/wixl/wixl.p/wix.c: In function 'wixl_wix_product_set_Language':
msitools> tools/wixl/wixl.p/wix.c:13612:19: warning: assignment discards 'const' qualifier from pointer target type [-Wdiscarded-qualifiers]
msitools> 13612 |         old_value = wixl_wix_product_get_Language (self);
msitools>       |                   ^
msitools> tools/wixl/wixl.p/wix.c: In function 'wixl_wix_product_set_Codepage':
msitools> tools/wixl/wixl.p/wix.c:13639:19: warning: assignment discards 'const' qualifier from pointer target type [-Wdiscarded-qualifiers]
msitools> 13639 |         old_value = wixl_wix_product_get_Codepage (self);
msitools>       |                   ^
msitools> tools/wixl/wixl.p/wix.c: In function 'wixl_wix_product_set_Version':
msitools> tools/wixl/wixl.p/wix.c:13666:19: warning: assignment discards 'const' qualifier from pointer target type [-Wdiscarded-qualifiers]
msitools> 13666 |         old_value = wixl_wix_product_get_Version (self);
msitools>       |                   ^
msitools> tools/wixl/wixl.p/wix.c: In function 'wixl_wix_product_set_Manufacturer':
msitools> tools/wixl/wixl.p/wix.c:13693:19: warning: assignment discards 'const' qualifier from pointer target type [-Wdiscarded-qualifiers]
msitools> 13693 |         old_value = wixl_wix_product_get_Manufacturer (self);
msitools>       |                   ^
msitools> tools/wixl/wixl.p/wix.c: In function 'wixl_wix_product_class_init':
msitools> tools/wixl/wixl.p/wix.c:13711:14: warning: variable '_tmp3__length1' set but not used [-Wunused-but-set-variable]
msitools> 13711 |         gint _tmp3__length1;
msitools>       |              ^~~~~~~~~~~~~~
msitools> tools/wixl/wixl.p/wix.c: In function 'wixl_wix_product_get_type':
msitools> /nix/store/gak7fcsrc8zq8292liaqi0q1j38fi3bw-glib-2.88.3-dev/include/glib-2.0/glib/gatomic.h:131:5: warning: argument 2 of '__atomic_load' discards 'volatile' qualifier [-Wdiscarded-qualifiers]
msitools>   131 |     __atomic_load (gapg_temp_atomic, &gapg_temp_newval, __ATOMIC_SEQ_CST); \
msitools>       |     ^~~~~~~~~~~~~
msitools> /nix/store/gak7fcsrc8zq8292liaqi0q1j38fi3bw-glib-2.88.3-dev/include/glib-2.0/glib/gthread.h:274:7: note: in expansion of macro 'g_atomic_pointer_get'
msitools>   274 |     (!g_atomic_pointer_get (location) &&                             \
msitools>       |       ^~~~~~~~~~~~~~~~~~~~
msitools> tools/wixl/wixl.p/wix.c:13790:13: note: in expansion of macro 'g_once_init_enter'
msitools> 13790 |         if (g_once_init_enter (&wixl_wix_product_type_id__once)) {
msitools>       |             ^~~~~~~~~~~~~~~~~
msitools> tools/wixl/wixl.p/wix.c: In function 'wixl_wix_media_set_Cabinet':
msitools> tools/wixl/wixl.p/wix.c:13917:19: warning: assignment discards 'const' qualifier from pointer target type [-Wdiscarded-qualifiers]
msitools> 13917 |         old_value = wixl_wix_media_get_Cabinet (self);
msitools>       |                   ^
msitools> tools/wixl/wixl.p/wix.c: In function 'wixl_wix_media_set_EmbedCab':
msitools> tools/wixl/wixl.p/wix.c:13944:19: warning: assignment discards 'const' qualifier from pointer target type [-Wdiscarded-qualifiers]
msitools> 13944 |         old_value = wixl_wix_media_get_EmbedCab (self);
msitools>       |                   ^
msitools> tools/wixl/wixl.p/wix.c: In function 'wixl_wix_media_set_DiskPrompt':
msitools> tools/wixl/wixl.p/wix.c:13971:19: warning: assignment discards 'const' qualifier from pointer target type [-Wdiscarded-qualifiers]
msitools> 13971 |         old_value = wixl_wix_media_get_DiskPrompt (self);
msitools>       |                   ^
msitools> tools/wixl/wixl.p/wix.c: In function 'wixl_wix_media_get_type':
msitools> /nix/store/gak7fcsrc8zq8292liaqi0q1j38fi3bw-glib-2.88.3-dev/include/glib-2.0/glib/gatomic.h:131:5: warning: argument 2 of '__atomic_load' discards 'volatile' qualifier [-Wdiscarded-qualifiers]
msitools>   131 |     __atomic_load (gapg_temp_atomic, &gapg_temp_newval, __ATOMIC_SEQ_CST); \
msitools>       |     ^~~~~~~~~~~~~
msitools> /nix/store/gak7fcsrc8zq8292liaqi0q1j38fi3bw-glib-2.88.3-dev/include/glib-2.0/glib/gthread.h:274:7: note: in expansion of macro 'g_atomic_pointer_get'
msitools>   274 |     (!g_atomic_pointer_get (location) &&                             \
msitools>       |       ^~~~~~~~~~~~~~~~~~~~
msitools> tools/wixl/wixl.p/wix.c:14033:13: note: in expansion of macro 'g_once_init_enter'
msitools> 14033 |         if (g_once_init_enter (&wixl_wix_media_type_id__once)) {
msitools>       |             ^~~~~~~~~~~~~~~~~
msitools> tools/wixl/wixl.p/wix.c: In function 'wixl_wix_registry_key_set_Key':
msitools> tools/wixl/wixl.p/wix.c:14126:19: warning: assignment discards 'const' qualifier from pointer target type [-Wdiscarded-qualifiers]
msitools> 14126 |         old_value = wixl_wix_registry_key_get_Key (self);
msitools>       |                   ^
msitools> tools/wixl/wixl.p/wix.c: In function 'wixl_wix_registry_key_set_Root':
msitools> tools/wixl/wixl.p/wix.c:14153:19: warning: assignment discards 'const' qualifier from pointer target type [-Wdiscarded-qualifiers]
msitools> 14153 |         old_value = wixl_wix_registry_key_get_Root (self);
msitools>       |                   ^
msitools> tools/wixl/wixl.p/wix.c: In function 'wixl_wix_registry_key_class_init':
msitools> tools/wixl/wixl.p/wix.c:14171:14: warning: variable '_tmp3__length1' set but not used [-Wunused-but-set-variable]
msitools> 14171 |         gint _tmp3__length1;
msitools>       |              ^~~~~~~~~~~~~~
msitools> tools/wixl/wixl.p/wix.c: In function 'wixl_wix_registry_key_get_type':
msitools> /nix/store/gak7fcsrc8zq8292liaqi0q1j38fi3bw-glib-2.88.3-dev/include/glib-2.0/glib/gatomic.h:131:5: warning: argument 2 of '__atomic_load' discards 'volatile' qualifier [-Wdiscarded-qualifiers]
msitools>   131 |     __atomic_load (gapg_temp_atomic, &gapg_temp_newval, __ATOMIC_SEQ_CST); \
msitools>       |     ^~~~~~~~~~~~~
msitools> /nix/store/gak7fcsrc8zq8292liaqi0q1j38fi3bw-glib-2.88.3-dev/include/glib-2.0/glib/gthread.h:274:7: note: in expansion of macro 'g_atomic_pointer_get'
msitools>   274 |     (!g_atomic_pointer_get (location) &&                             \
msitools>       |       ^~~~~~~~~~~~~~~~~~~~
msitools> tools/wixl/wixl.p/wix.c:14222:13: note: in expansion of macro 'g_once_init_enter'
msitools> 14222 |         if (g_once_init_enter (&wixl_wix_registry_key_type_id__once)) {
msitools>       |             ^~~~~~~~~~~~~~~~~
msitools> tools/wixl/wixl.p/wix.c: In function 'wixl_wix_component_set_Guid':
msitools> tools/wixl/wixl.p/wix.c:14388:19: warning: assignment discards 'const' qualifier from pointer target type [-Wdiscarded-qualifiers]
msitools> 14388 |         old_value = wixl_wix_component_get_Guid (self);
msitools>       |                   ^
msitools> tools/wixl/wixl.p/wix.c: In function 'wixl_wix_component_set_Win64':
msitools> tools/wixl/wixl.p/wix.c:14415:19: warning: assignment discards 'const' qualifier from pointer target type [-Wdiscarded-qualifiers]
msitools> 14415 |         old_value = wixl_wix_component_get_Win64 (self);
msitools>       |                   ^
msitools> tools/wixl/wixl.p/wix.c: In function 'wixl_wix_component_set_Permanent':
msitools> tools/wixl/wixl.p/wix.c:14442:19: warning: assignment discards 'const' qualifier from pointer target type [-Wdiscarded-qualifiers]
msitools> 14442 |         old_value = wixl_wix_component_get_Permanent (self);
msitools>       |                   ^
msitools> tools/wixl/wixl.p/wix.c: In function 'wixl_wix_component_set_Condition':
msitools> tools/wixl/wixl.p/wix.c:14469:19: warning: assignment discards 'const' qualifier from pointer target type [-Wdiscarded-qualifiers]
msitools> 14469 |         old_value = wixl_wix_component_get_Condition (self);
msitools>       |                   ^
msitools> tools/wixl/wixl.p/wix.c: In function 'wixl_wix_component_class_init':
msitools> tools/wixl/wixl.p/wix.c:14487:14: warning: variable '_tmp3__length1' set but not used [-Wunused-but-set-variable]
msitools> 14487 |         gint _tmp3__length1;
msitools>       |              ^~~~~~~~~~~~~~
msitools> tools/wixl/wixl.p/wix.c: In function 'wixl_wix_component_get_type':
msitools> /nix/store/gak7fcsrc8zq8292liaqi0q1j38fi3bw-glib-2.88.3-dev/include/glib-2.0/glib/gatomic.h:131:5: warning: argument 2 of '__atomic_load' discards 'volatile' qualifier [-Wdiscarded-qualifiers]
msitools>   131 |     __atomic_load (gapg_temp_atomic, &gapg_temp_newval, __ATOMIC_SEQ_CST); \
msitools>       |     ^~~~~~~~~~~~~
msitools> /nix/store/gak7fcsrc8zq8292liaqi0q1j38fi3bw-glib-2.88.3-dev/include/glib-2.0/glib/gthread.h:274:7: note: in expansion of macro 'g_atomic_pointer_get'
msitools>   274 |     (!g_atomic_pointer_get (location) &&                             \
msitools>       |       ^~~~~~~~~~~~~~~~~~~~
msitools> tools/wixl/wixl.p/wix.c:14557:13: note: in expansion of macro 'g_once_init_enter'
msitools> 14557 |         if (g_once_init_enter (&wixl_wix_component_type_id__once)) {
msitools>       |             ^~~~~~~~~~~~~~~~~
msitools> tools/wixl/wixl.p/wix.c: In function 'wixl_wix_directory_set_Name':
msitools> tools/wixl/wixl.p/wix.c:14763:19: warning: assignment discards 'const' qualifier from pointer target type [-Wdiscarded-qualifiers]
msitools> 14763 |         old_value = wixl_wix_directory_get_Name (self);
msitools>       |                   ^
msitools> tools/wixl/wixl.p/wix.c: In function 'wixl_wix_directory_class_init':
msitools> tools/wixl/wixl.p/wix.c:14781:14: warning: variable '_tmp3__length1' set but not used [-Wunused-but-set-variable]
msitools> 14781 |         gint _tmp3__length1;
msitools>       |              ^~~~~~~~~~~~~~
msitools> tools/wixl/wixl.p/wix.c: In function 'wixl_wix_directory_get_type':
msitools> /nix/store/gak7fcsrc8zq8292liaqi0q1j38fi3bw-glib-2.88.3-dev/include/glib-2.0/glib/gatomic.h:131:5: warning: argument 2 of '__atomic_load' discards 'volatile' qualifier [-Wdiscarded-qualifiers]
msitools>   131 |     __atomic_load (gapg_temp_atomic, &gapg_temp_newval, __ATOMIC_SEQ_CST); \
msitools>       |     ^~~~~~~~~~~~~
msitools> /nix/store/gak7fcsrc8zq8292liaqi0q1j38fi3bw-glib-2.88.3-dev/include/glib-2.0/glib/gthread.h:274:7: note: in expansion of macro 'g_atomic_pointer_get'
msitools>   274 |     (!g_atomic_pointer_get (location) &&                             \
msitools>       |       ^~~~~~~~~~~~~~~~~~~~
msitools> tools/wixl/wixl.p/wix.c:14833:13: note: in expansion of macro 'g_once_init_enter'
msitools> 14833 |         if (g_once_init_enter (&wixl_wix_directory_type_id__once)) {
msitools>       |             ^~~~~~~~~~~~~~~~~
msitools> tools/wixl/wixl.p/wix.c: In function 'wixl_wix_element_ref_get_type':
msitools> /nix/store/gak7fcsrc8zq8292liaqi0q1j38fi3bw-glib-2.88.3-dev/include/glib-2.0/glib/gatomic.h:131:5: warning: argument 2 of '__atomic_load' discards 'volatile' qualifier [-Wdiscarded-qualifiers]
msitools>   131 |     __atomic_load (gapg_temp_atomic, &gapg_temp_newval, __ATOMIC_SEQ_CST); \
msitools>       |     ^~~~~~~~~~~~~
msitools> /nix/store/gak7fcsrc8zq8292liaqi0q1j38fi3bw-glib-2.88.3-dev/include/glib-2.0/glib/gthread.h:274:7: note: in expansion of macro 'g_atomic_pointer_get'
msitools>   274 |     (!g_atomic_pointer_get (location) &&                             \
msitools>       |       ^~~~~~~~~~~~~~~~~~~~
msitools> tools/wixl/wixl.p/wix.c:14986:13: note: in expansion of macro 'g_once_init_enter'
msitools> 14986 |         if (g_once_init_enter (&wixl_wix_element_ref_type_id__once)) {
msitools>       |             ^~~~~~~~~~~~~~~~~
msitools> tools/wixl/wixl.p/wix.c: In function 'wixl_wix_directory_ref_class_init':
msitools> tools/wixl/wixl.p/wix.c:15100:14: warning: variable '_tmp3__length1' set but not used [-Wunused-but-set-variable]
msitools> 15100 |         gint _tmp3__length1;
msitools>       |              ^~~~~~~~~~~~~~
msitools> tools/wixl/wixl.p/wix.c: In function 'wixl_wix_directory_ref_get_type':
msitools> /nix/store/gak7fcsrc8zq8292liaqi0q1j38fi3bw-glib-2.88.3-dev/include/glib-2.0/glib/gatomic.h:131:5: warning: argument 2 of '__atomic_load' discards 'volatile' qualifier [-Wdiscarded-qualifiers]
msitools>   131 |     __atomic_load (gapg_temp_atomic, &gapg_temp_newval, __ATOMIC_SEQ_CST); \
msitools>       |     ^~~~~~~~~~~~~
msitools> /nix/store/gak7fcsrc8zq8292liaqi0q1j38fi3bw-glib-2.88.3-dev/include/glib-2.0/glib/gthread.h:274:7: note: in expansion of macro 'g_atomic_pointer_get'
msitools>   274 |     (!g_atomic_pointer_get (location) &&                             \
msitools>       |       ^~~~~~~~~~~~~~~~~~~~
msitools> tools/wixl/wixl.p/wix.c:15136:13: note: in expansion of macro 'g_once_init_enter'
msitools> 15136 |         if (g_once_init_enter (&wixl_wix_directory_ref_type_id__once)) {
msitools>       |             ^~~~~~~~~~~~~~~~~
msitools> tools/wixl/wixl.p/wix.c: In function 'wixl_wix_ui_class_init':
msitools> tools/wixl/wixl.p/wix.c:15166:14: warning: variable '_tmp3__length1' set but not used [-Wunused-but-set-variable]
msitools> 15166 |         gint _tmp3__length1;
msitools>       |              ^~~~~~~~~~~~~~
msitools> tools/wixl/wixl.p/wix.c: In function 'wixl_wix_ui_get_type':
msitools> /nix/store/gak7fcsrc8zq8292liaqi0q1j38fi3bw-glib-2.88.3-dev/include/glib-2.0/glib/gatomic.h:131:5: warning: argument 2 of '__atomic_load' discards 'volatile' qualifier [-Wdiscarded-qualifiers]
msitools>   131 |     __atomic_load (gapg_temp_atomic, &gapg_temp_newval, __ATOMIC_SEQ_CST); \
msitools>       |     ^~~~~~~~~~~~~
msitools> /nix/store/gak7fcsrc8zq8292liaqi0q1j38fi3bw-glib-2.88.3-dev/include/glib-2.0/glib/gthread.h:274:7: note: in expansion of macro 'g_atomic_pointer_get'
msitools>   274 |     (!g_atomic_pointer_get (location) &&                             \
msitools>       |       ^~~~~~~~~~~~~~~~~~~~
msitools> tools/wixl/wixl.p/wix.c:15209:13: note: in expansion of macro 'g_once_init_enter'
msitools> 15209 |         if (g_once_init_enter (&wixl_wix_ui_type_id__once)) {
msitools>       |             ^~~~~~~~~~~~~~~~~
msitools> tools/wixl/wixl.p/wix.c: In function 'wixl_wix_ui_ref_get_type':
msitools> /nix/store/gak7fcsrc8zq8292liaqi0q1j38fi3bw-glib-2.88.3-dev/include/glib-2.0/glib/gatomic.h:131:5: warning: argument 2 of '__atomic_load' discards 'volatile' qualifier [-Wdiscarded-qualifiers]
msitools>   131 |     __atomic_load (gapg_temp_atomic, &gapg_temp_newval, __ATOMIC_SEQ_CST); \
msitools>       |     ^~~~~~~~~~~~~
msitools> /nix/store/gak7fcsrc8zq8292liaqi0q1j38fi3bw-glib-2.88.3-dev/include/glib-2.0/glib/gthread.h:274:7: note: in expansion of macro 'g_atomic_pointer_get'
msitools>   274 |     (!g_atomic_pointer_get (location) &&                             \
msitools>       |       ^~~~~~~~~~~~~~~~~~~~
msitools> tools/wixl/wixl.p/wix.c:15316:13: note: in expansion of macro 'g_once_init_enter'
msitools> 15316 |         if (g_once_init_enter (&wixl_wix_ui_ref_type_id__once)) {
msitools>       |             ^~~~~~~~~~~~~~~~~
msitools> tools/wixl/wixl.p/wix.c: In function 'wixl_wix_ui_text_set_Value':
msitools> tools/wixl/wixl.p/wix.c:15377:19: warning: assignment discards 'const' qualifier from pointer target type [-Wdiscarded-qualifiers]
msitools> 15377 |         old_value = wixl_wix_ui_text_get_Value (self);
msitools>       |                   ^
msitools> tools/wixl/wixl.p/wix.c: In function 'wixl_wix_ui_text_get_type':
msitools> /nix/store/gak7fcsrc8zq8292liaqi0q1j38fi3bw-glib-2.88.3-dev/include/glib-2.0/glib/gatomic.h:131:5: warning: argument 2 of '__atomic_load' discards 'volatile' qualifier [-Wdiscarded-qualifiers]
msitools>   131 |     __atomic_load (gapg_temp_atomic, &gapg_temp_newval, __ATOMIC_SEQ_CST); \
msitools>       |     ^~~~~~~~~~~~~
msitools> /nix/store/gak7fcsrc8zq8292liaqi0q1j38fi3bw-glib-2.88.3-dev/include/glib-2.0/glib/gthread.h:274:7: note: in expansion of macro 'g_atomic_pointer_get'
msitools>   274 |     (!g_atomic_pointer_get (location) &&                             \
msitools>       |       ^~~~~~~~~~~~~~~~~~~~
msitools> tools/wixl/wixl.p/wix.c:15434:13: note: in expansion of macro 'g_once_init_enter'
msitools> 15434 |         if (g_once_init_enter (&wixl_wix_ui_text_type_id__once)) {
msitools>       |             ^~~~~~~~~~~~~~~~~
msitools> tools/wixl/wixl.p/wix.c: In function 'wixl_wix_text_element_set_SourceFile':
msitools> tools/wixl/wixl.p/wix.c:15531:19: warning: assignment discards 'const' qualifier from pointer target type [-Wdiscarded-qualifiers]
msitools> 15531 |         old_value = wixl_wix_text_element_get_SourceFile (self);
msitools>       |                   ^
msitools> tools/wixl/wixl.p/wix.c: In function 'wixl_wix_text_element_get_type':
msitools> /nix/store/gak7fcsrc8zq8292liaqi0q1j38fi3bw-glib-2.88.3-dev/include/glib-2.0/glib/gatomic.h:131:5: warning: argument 2 of '__atomic_load' discards 'volatile' qualifier [-Wdiscarded-qualifiers]
msitools>   131 |     __atomic_load (gapg_temp_atomic, &gapg_temp_newval, __ATOMIC_SEQ_CST); \
msitools>       |     ^~~~~~~~~~~~~
msitools> /nix/store/gak7fcsrc8zq8292liaqi0q1j38fi3bw-glib-2.88.3-dev/include/glib-2.0/glib/gthread.h:274:7: note: in expansion of macro 'g_atomic_pointer_get'
msitools>   274 |     (!g_atomic_pointer_get (location) &&                             \
msitools>       |       ^~~~~~~~~~~~~~~~~~~~
msitools> tools/wixl/wixl.p/wix.c:15588:13: note: in expansion of macro 'g_once_init_enter'
msitools> 15588 |         if (g_once_init_enter (&wixl_wix_text_element_type_id__once)) {
msitools>       |             ^~~~~~~~~~~~~~~~~
msitools> tools/wixl/wixl.p/wix.c: In function 'wixl_wix_text_style_set_Blue':
msitools> tools/wixl/wixl.p/wix.c:15685:19: warning: assignment discards 'const' qualifier from pointer target type [-Wdiscarded-qualifiers]
msitools> 15685 |         old_value = wixl_wix_text_style_get_Blue (self);
msitools>       |                   ^
msitools> tools/wixl/wixl.p/wix.c: In function 'wixl_wix_text_style_set_Bold':
msitools> tools/wixl/wixl.p/wix.c:15712:19: warning: assignment discards 'const' qualifier from pointer target type [-Wdiscarded-qualifiers]
msitools> 15712 |         old_value = wixl_wix_text_style_get_Bold (self);
msitools>       |                   ^
msitools> tools/wixl/wixl.p/wix.c: In function 'wixl_wix_text_style_set_FaceName':
msitools> tools/wixl/wixl.p/wix.c:15739:19: warning: assignment discards 'const' qualifier from pointer target type [-Wdiscarded-qualifiers]
msitools> 15739 |         old_value = wixl_wix_text_style_get_FaceName (self);
msitools>       |                   ^
msitools> tools/wixl/wixl.p/wix.c: In function 'wixl_wix_text_style_set_Green':
msitools> tools/wixl/wixl.p/wix.c:15766:19: warning: assignment discards 'const' qualifier from pointer target type [-Wdiscarded-qualifiers]
msitools> 15766 |         old_value = wixl_wix_text_style_get_Green (self);
msitools>       |                   ^
msitools> tools/wixl/wixl.p/wix.c: In function 'wixl_wix_text_style_set_Italic':
msitools> tools/wixl/wixl.p/wix.c:15793:19: warning: assignment discards 'const' qualifier from pointer target type [-Wdiscarded-qualifiers]
msitools> 15793 |         old_value = wixl_wix_text_style_get_Italic (self);
msitools>       |                   ^
msitools> tools/wixl/wixl.p/wix.c: In function 'wixl_wix_text_style_set_Red':
msitools> tools/wixl/wixl.p/wix.c:15820:19: warning: assignment discards 'const' qualifier from pointer target type [-Wdiscarded-qualifiers]
msitools> 15820 |         old_value = wixl_wix_text_style_get_Red (self);
msitools>       |                   ^
msitools> tools/wixl/wixl.p/wix.c: In function 'wixl_wix_text_style_set_Size':
msitools> tools/wixl/wixl.p/wix.c:15847:19: warning: assignment discards 'const' qualifier from pointer target type [-Wdiscarded-qualifiers]
msitools> 15847 |         old_value = wixl_wix_text_style_get_Size (self);
msitools>       |                   ^
msitools> tools/wixl/wixl.p/wix.c: In function 'wixl_wix_text_style_set_Strike':
msitools> tools/wixl/wixl.p/wix.c:15874:19: warning: assignment discards 'const' qualifier from pointer target type [-Wdiscarded-qualifiers]
msitools> 15874 |         old_value = wixl_wix_text_style_get_Strike (self);
msitools>       |                   ^
msitools> tools/wixl/wixl.p/wix.c: In function 'wixl_wix_text_style_set_Underline':
msitools> tools/wixl/wixl.p/wix.c:15901:19: warning: assignment discards 'const' qualifier from pointer target type [-Wdiscarded-qualifiers]
msitools> 15901 |         old_value = wixl_wix_text_style_get_Underline (self);
msitools>       |                   ^
msitools> tools/wixl/wixl.p/wix.c: In function 'wixl_wix_text_style_get_type':
msitools> /nix/store/gak7fcsrc8zq8292liaqi0q1j38fi3bw-glib-2.88.3-dev/include/glib-2.0/glib/gatomic.h:131:5: warning: argument 2 of '__atomic_load' discards 'volatile' qualifier [-Wdiscarded-qualifiers]
msitools>   131 |     __atomic_load (gapg_temp_atomic, &gapg_temp_newval, __ATOMIC_SEQ_CST); \
msitools>       |     ^~~~~~~~~~~~~
msitools> /nix/store/gak7fcsrc8zq8292liaqi0q1j38fi3bw-glib-2.88.3-dev/include/glib-2.0/glib/gthread.h:274:7: note: in expansion of macro 'g_atomic_pointer_get'
msitools>   274 |     (!g_atomic_pointer_get (location) &&                             \
msitools>       |       ^~~~~~~~~~~~~~~~~~~~
msitools> tools/wixl/wixl.p/wix.c:15974:13: note: in expansion of macro 'g_once_init_enter'
msitools> 15974 |         if (g_once_init_enter (&wixl_wix_text_style_type_id__once)) {
msitools>       |             ^~~~~~~~~~~~~~~~~
msitools> tools/wixl/wixl.p/wix.c: In function 'wixl_wix_dialog_set_CustomPalette':
msitools> tools/wixl/wixl.p/wix.c:16124:19: warning: assignment discards 'const' qualifier from pointer target type [-Wdiscarded-qualifiers]
msitools> 16124 |         old_value = wixl_wix_dialog_get_CustomPalette (self);
msitools>       |                   ^
msitools> tools/wixl/wixl.p/wix.c: In function 'wixl_wix_dialog_set_ErrorDialog':
msitools> tools/wixl/wixl.p/wix.c:16151:19: warning: assignment discards 'const' qualifier from pointer target type [-Wdiscarded-qualifiers]
msitools> 16151 |         old_value = wixl_wix_dialog_get_ErrorDialog (self);
msitools>       |                   ^
msitools> tools/wixl/wixl.p/wix.c: In function 'wixl_wix_dialog_set_Height':
msitools> tools/wixl/wixl.p/wix.c:16178:19: warning: assignment discards 'const' qualifier from pointer target type [-Wdiscarded-qualifiers]
msitools> 16178 |         old_value = wixl_wix_dialog_get_Height (self);
msitools>       |                   ^
msitools> tools/wixl/wixl.p/wix.c: In function 'wixl_wix_dialog_set_Hidden':
msitools> tools/wixl/wixl.p/wix.c:16205:19: warning: assignment discards 'const' qualifier from pointer target type [-Wdiscarded-qualifiers]
msitools> 16205 |         old_value = wixl_wix_dialog_get_Hidden (self);
msitools>       |                   ^
msitools> tools/wixl/wixl.p/wix.c: In function 'wixl_wix_dialog_set_KeepModeless':
msitools> tools/wixl/wixl.p/wix.c:16232:19: warning: assignment discards 'const' qualifier from pointer target type [-Wdiscarded-qualifiers]
msitools> 16232 |         old_value = wixl_wix_dialog_get_KeepModeless (self);
msitools>       |                   ^
msitools> tools/wixl/wixl.p/wix.c: In function 'wixl_wix_dialog_set_LeftScroll':
msitools> tools/wixl/wixl.p/wix.c:16259:19: warning: assignment discards 'const' qualifier from pointer target type [-Wdiscarded-qualifiers]
msitools> 16259 |         old_value = wixl_wix_dialog_get_LeftScroll (self);
msitools>       |                   ^
msitools> tools/wixl/wixl.p/wix.c: In function 'wixl_wix_dialog_set_Modeless':
msitools> tools/wixl/wixl.p/wix.c:16286:19: warning: assignment discards 'const' qualifier from pointer target type [-Wdiscarded-qualifiers]
msitools> 16286 |         old_value = wixl_wix_dialog_get_Modeless (self);
msitools>       |                   ^
msitools> tools/wixl/wixl.p/wix.c: In function 'wixl_wix_dialog_set_NoMinimize':
msitools> tools/wixl/wixl.p/wix.c:16313:19: warning: assignment discards 'const' qualifier from pointer target type [-Wdiscarded-qualifiers]
msitools> 16313 |         old_value = wixl_wix_dialog_get_NoMinimize (self);
msitools>       |                   ^
msitools> tools/wixl/wixl.p/wix.c: In function 'wixl_wix_dialog_set_RightAligned':
msitools> tools/wixl/wixl.p/wix.c:16340:19: warning: assignment discards 'const' qualifier from pointer target type [-Wdiscarded-qualifiers]
msitools> 16340 |         old_value = wixl_wix_dialog_get_RightAligned (self);
msitools>       |                   ^
msitools> tools/wixl/wixl.p/wix.c: In function 'wixl_wix_dialog_set_RightToLeft':
msitools> tools/wixl/wixl.p/wix.c:16367:19: warning: assignment discards 'const' qualifier from pointer target type [-Wdiscarded-qualifiers]
msitools> 16367 |         old_value = wixl_wix_dialog_get_RightToLeft (self);
msitools>       |                   ^
msitools> tools/wixl/wixl.p/wix.c: In function 'wixl_wix_dialog_set_Title':
msitools> tools/wixl/wixl.p/wix.c:16394:19: warning: assignment discards 'const' qualifier from pointer target type [-Wdiscarded-qualifiers]
msitools> 16394 |         old_value = wixl_wix_dialog_get_Title (self);
msitools>       |                   ^
msitools> tools/wixl/wixl.p/wix.c: In function 'wixl_wix_dialog_set_TrackDiskSpace':
msitools> tools/wixl/wixl.p/wix.c:16421:19: warning: assignment discards 'const' qualifier from pointer target type [-Wdiscarded-qualifiers]
msitools> 16421 |         old_value = wixl_wix_dialog_get_TrackDiskSpace (self);
msitools>       |                   ^
msitools> tools/wixl/wixl.p/wix.c: In function 'wixl_wix_dialog_set_Width':
msitools> tools/wixl/wixl.p/wix.c:16448:19: warning: assignment discards 'const' qualifier from pointer target type [-Wdiscarded-qualifiers]
msitools> 16448 |         old_value = wixl_wix_dialog_get_Width (self);
msitools>       |                   ^
msitools> tools/wixl/wixl.p/wix.c: In function 'wixl_wix_dialog_class_init':
msitools> tools/wixl/wixl.p/wix.c:16466:14: warning: variable '_tmp3__length1' set but not used [-Wunused-but-set-variable]
msitools> 16466 |         gint _tmp3__length1;
msitools>       |              ^~~~~~~~~~~~~~
msitools> tools/wixl/wixl.p/wix.c: In function 'wixl_wix_dialog_get_type':
msitools> /nix/store/gak7fcsrc8zq8292liaqi0q1j38fi3bw-glib-2.88.3-dev/include/glib-2.0/glib/gatomic.h:131:5: warning: argument 2 of '__atomic_load' discards 'volatile' qualifier [-Wdiscarded-qualifiers]
msitools>   131 |     __atomic_load (gapg_temp_atomic, &gapg_temp_newval, __ATOMIC_SEQ_CST); \
msitools>       |     ^~~~~~~~~~~~~
msitools> /nix/store/gak7fcsrc8zq8292liaqi0q1j38fi3bw-glib-2.88.3-dev/include/glib-2.0/glib/gthread.h:274:7: note: in expansion of macro 'g_atomic_pointer_get'
msitools>   274 |     (!g_atomic_pointer_get (location) &&                             \
msitools>       |       ^~~~~~~~~~~~~~~~~~~~
msitools> tools/wixl/wixl.p/wix.c:16542:13: note: in expansion of macro 'g_once_init_enter'
msitools> 16542 |         if (g_once_init_enter (&wixl_wix_dialog_type_id__once)) {
msitools>       |             ^~~~~~~~~~~~~~~~~
msitools> tools/wixl/wixl.p/wix.c: In function 'wixl_wix_dialog_ref_get_type':
msitools> /nix/store/gak7fcsrc8zq8292liaqi0q1j38fi3bw-glib-2.88.3-dev/include/glib-2.0/glib/gatomic.h:131:5: warning: argument 2 of '__atomic_load' discards 'volatile' qualifier [-Wdiscarded-qualifiers]
msitools>   131 |     __atomic_load (gapg_temp_atomic, &gapg_temp_newval, __ATOMIC_SEQ_CST); \
msitools>       |     ^~~~~~~~~~~~~
msitools> /nix/store/gak7fcsrc8zq8292liaqi0q1j38fi3bw-glib-2.88.3-dev/include/glib-2.0/glib/gthread.h:274:7: note: in expansion of macro 'g_atomic_pointer_get'
msitools>   274 |     (!g_atomic_pointer_get (location) &&                             \
msitools>       |       ^~~~~~~~~~~~~~~~~~~~
msitools> tools/wixl/wixl.p/wix.c:16757:13: note: in expansion of macro 'g_once_init_enter'
msitools> 16757 |         if (g_once_init_enter (&wixl_wix_dialog_ref_type_id__once)) {
msitools>       |             ^~~~~~~~~~~~~~~~~
msitools> tools/wixl/wixl.p/wix.c: In function 'wixl_wix_control_set_Bitmap':
msitools> tools/wixl/wixl.p/wix.c:16823:19: warning: assignment discards 'const' qualifier from pointer target type [-Wdiscarded-qualifiers]
msitools> 16823 |         old_value = wixl_wix_control_get_Bitmap (self);
msitools>       |                   ^
msitools> tools/wixl/wixl.p/wix.c: In function 'wixl_wix_control_set_Cancel':
msitools> tools/wixl/wixl.p/wix.c:16850:19: warning: assignment discards 'const' qualifier from pointer target type [-Wdiscarded-qualifiers]
msitools> 16850 |         old_value = wixl_wix_control_get_Cancel (self);
msitools>       |                   ^
msitools> tools/wixl/wixl.p/wix.c: In function 'wixl_wix_control_set_CheckBoxValue':
msitools> tools/wixl/wixl.p/wix.c:16877:19: warning: assignment discards 'const' qualifier from pointer target type [-Wdiscarded-qualifiers]
msitools> 16877 |         old_value = wixl_wix_control_get_CheckBoxValue (self);
msitools>       |                   ^
msitools> tools/wixl/wixl.p/wix.c: In function 'wixl_wix_control_set_Default':
msitools> tools/wixl/wixl.p/wix.c:16904:19: warning: assignment discards 'const' qualifier from pointer target type [-Wdiscarded-qualifiers]
msitools> 16904 |         old_value = wixl_wix_control_get_Default (self);
msitools>       |                   ^
msitools> tools/wixl/wixl.p/wix.c: In function 'wixl_wix_control_set_Disabled':
msitools> tools/wixl/wixl.p/wix.c:16931:19: warning: assignment discards 'const' qualifier from pointer target type [-Wdiscarded-qualifiers]
msitools> 16931 |         old_value = wixl_wix_control_get_Disabled (self);
msitools>       |                   ^
msitools> tools/wixl/wixl.p/wix.c: In function 'wixl_wix_control_set_ElevationShield':
msitools> tools/wixl/wixl.p/wix.c:16958:19: warning: assignment discards 'const' qualifier from pointer target type [-Wdiscarded-qualifiers]
msitools> 16958 |         old_value = wixl_wix_control_get_ElevationShield (self);
msitools>       |                   ^
msitools> tools/wixl/wixl.p/wix.c: In function 'wixl_wix_control_set_Fixed':
msitools> tools/wixl/wixl.p/wix.c:16985:19: warning: assignment discards 'const' qualifier from pointer target type [-Wdiscarded-qualifiers]
msitools> 16985 |         old_value = wixl_wix_control_get_Fixed (self);
msitools>       |                   ^
msitools> tools/wixl/wixl.p/wix.c: In function 'wixl_wix_control_set_FixedSize':
msitools> tools/wixl/wixl.p/wix.c:17012:19: warning: assignment discards 'const' qualifier from pointer target type [-Wdiscarded-qualifiers]
msitools> 17012 |         old_value = wixl_wix_control_get_FixedSize (self);
msitools>       |                   ^
msitools> tools/wixl/wixl.p/wix.c: In function 'wixl_wix_control_set_Height':
msitools> tools/wixl/wixl.p/wix.c:17039:19: warning: assignment discards 'const' qualifier from pointer target type [-Wdiscarded-qualifiers]
msitools> 17039 |         old_value = wixl_wix_control_get_Height (self);
msitools>       |                   ^
msitools> tools/wixl/wixl.p/wix.c: In function 'wixl_wix_control_set_Hidden':
msitools> tools/wixl/wixl.p/wix.c:17066:19: warning: assignment discards 'const' qualifier from pointer target type [-Wdiscarded-qualifiers]
msitools> 17066 |         old_value = wixl_wix_control_get_Hidden (self);
msitools>       |                   ^
msitools> tools/wixl/wixl.p/wix.c: In function 'wixl_wix_control_set_IconSize':
msitools> tools/wixl/wixl.p/wix.c:17093:19: warning: assignment discards 'const' qualifier from pointer target type [-Wdiscarded-qualifiers]
msitools> 17093 |         old_value = wixl_wix_control_get_IconSize (self);
msitools>       |                   ^
msitools> tools/wixl/wixl.p/wix.c: In function 'wixl_wix_control_set_NoPrefix':
msitools> tools/wixl/wixl.p/wix.c:17120:19: warning: assignment discards 'const' qualifier from pointer target type [-Wdiscarded-qualifiers]
msitools> 17120 |         old_value = wixl_wix_control_get_NoPrefix (self);
msitools>       |                   ^
msitools> tools/wixl/wixl.p/wix.c: In function 'wixl_wix_control_set_ProgressBlocks':
msitools> tools/wixl/wixl.p/wix.c:17147:19: warning: assignment discards 'const' qualifier from pointer target type [-Wdiscarded-qualifiers]
msitools> 17147 |         old_value = wixl_wix_control_get_ProgressBlocks (self);
msitools>       |                   ^
msitools> tools/wixl/wixl.p/wix.c: In function 'wixl_wix_control_set_Property':
msitools> tools/wixl/wixl.p/wix.c:17174:19: warning: assignment discards 'const' qualifier from pointer target type [-Wdiscarded-qualifiers]
msitools> 17174 |         old_value = wixl_wix_control_get_Property (self);
msitools>       |                   ^
msitools> tools/wixl/wixl.p/wix.c: In function 'wixl_wix_control_set_Remote':
msitools> tools/wixl/wixl.p/wix.c:17201:19: warning: assignment discards 'const' qualifier from pointer target type [-Wdiscarded-qualifiers]
msitools> 17201 |         old_value = wixl_wix_control_get_Remote (self);
msitools>       |                   ^
msitools> tools/wixl/wixl.p/wix.c: In function 'wixl_wix_control_set_ShowRollbackCost':
msitools> tools/wixl/wixl.p/wix.c:17228:19: warning: assignment discards 'const' qualifier from pointer target type [-Wdiscarded-qualifiers]
msitools> 17228 |         old_value = wixl_wix_control_get_ShowRollbackCost (self);
msitools>       |                   ^
msitools> tools/wixl/wixl.p/wix.c: In function 'wixl_wix_control_set_Sunken':
msitools> tools/wixl/wixl.p/wix.c:17255:19: warning: assignment discards 'const' qualifier from pointer target type [-Wdiscarded-qualifiers]
msitools> 17255 |         old_value = wixl_wix_control_get_Sunken (self);
msitools>       |                   ^
msitools> tools/wixl/wixl.p/wix.c: In function 'wixl_wix_control_set_Indirect':
msitools> tools/wixl/wixl.p/wix.c:17282:19: warning: assignment discards 'const' qualifier from pointer target type [-Wdiscarded-qualifiers]
msitools> 17282 |         old_value = wixl_wix_control_get_Indirect (self);
msitools>       |                   ^
msitools> tools/wixl/wixl.p/wix.c: In function 'wixl_wix_control_set_Icon':
msitools> tools/wixl/wixl.p/wix.c:17309:19: warning: assignment discards 'const' qualifier from pointer target type [-Wdiscarded-qualifiers]
msitools> 17309 |         old_value = wixl_wix_control_get_Icon (self);
msitools>       |                   ^
msitools> tools/wixl/wixl.p/wix.c: In function 'wixl_wix_control_set_TabSkip':
msitools> tools/wixl/wixl.p/wix.c:17336:19: warning: assignment discards 'const' qualifier from pointer target type [-Wdiscarded-qualifiers]
msitools> 17336 |         old_value = wixl_wix_control_get_TabSkip (self);
msitools>       |                   ^
msitools> tools/wixl/wixl.p/wix.c: In function 'wixl_wix_control_set_Text':
msitools> tools/wixl/wixl.p/wix.c:17363:19: warning: assignment discards 'const' qualifier from pointer target type [-Wdiscarded-qualifiers]
msitools> 17363 |         old_value = wixl_wix_control_get_Text (self);
msitools>       |                   ^
msitools> tools/wixl/wixl.p/wix.c: In function 'wixl_wix_control_set_ToolTip':
msitools> tools/wixl/wixl.p/wix.c:17390:19: warning: assignment discards 'const' qualifier from pointer target type [-Wdiscarded-qualifiers]
msitools> 17390 |         old_value = wixl_wix_control_get_ToolTip (self);
msitools>       |                   ^
msitools> tools/wixl/wixl.p/wix.c: In function 'wixl_wix_control_set_Transparent':
msitools> tools/wixl/wixl.p/wix.c:17417:19: warning: assignment discards 'const' qualifier from pointer target type [-Wdiscarded-qualifiers]
msitools> 17417 |         old_value = wixl_wix_control_get_Transparent (self);
msitools>       |                   ^
msitools> tools/wixl/wixl.p/wix.c: In function 'wixl_wix_control_set_Type':
msitools> tools/wixl/wixl.p/wix.c:17444:19: warning: assignment discards 'const' qualifier from pointer target type [-Wdiscarded-qualifiers]
msitools> 17444 |         old_value = wixl_wix_control_get_Type (self);
msitools>       |                   ^
msitools> tools/wixl/wixl.p/wix.c: In function 'wixl_wix_control_set_Width':
msitools> tools/wixl/wixl.p/wix.c:17471:19: warning: assignment discards 'const' qualifier from pointer target type [-Wdiscarded-qualifiers]
msitools> 17471 |         old_value = wixl_wix_control_get_Width (self);
msitools>       |                   ^
msitools> tools/wixl/wixl.p/wix.c: In function 'wixl_wix_control_set_X':
msitools> tools/wixl/wixl.p/wix.c:17498:19: warning: assignment discards 'const' qualifier from pointer target type [-Wdiscarded-qualifiers]
msitools> 17498 |         old_value = wixl_wix_control_get_X (self);
msitools>       |                   ^
msitools> tools/wixl/wixl.p/wix.c: In function 'wixl_wix_control_set_Y':
msitools> tools/wixl/wixl.p/wix.c:17525:19: warning: assignment discards 'const' qualifier from pointer target type [-Wdiscarded-qualifiers]
msitools> 17525 |         old_value = wixl_wix_control_get_Y (self);
msitools>       |                   ^
msitools> tools/wixl/wixl.p/wix.c: In function 'wixl_wix_control_set_DefaultCondition':
msitools> tools/wixl/wixl.p/wix.c:17552:19: warning: assignment discards 'const' qualifier from pointer target type [-Wdiscarded-qualifiers]
msitools> 17552 |         old_value = wixl_wix_control_get_DefaultCondition (self);
msitools>       |                   ^
msitools> tools/wixl/wixl.p/wix.c: In function 'wixl_wix_control_set_DisableCondition':
msitools> tools/wixl/wixl.p/wix.c:17579:19: warning: assignment discards 'const' qualifier from pointer target type [-Wdiscarded-qualifiers]
msitools> 17579 |         old_value = wixl_wix_control_get_DisableCondition (self);
msitools>       |                   ^
msitools> tools/wixl/wixl.p/wix.c: In function 'wixl_wix_control_set_EnableCondition':
msitools> tools/wixl/wixl.p/wix.c:17606:19: warning: assignment discards 'const' qualifier from pointer target type [-Wdiscarded-qualifiers]
msitools> 17606 |         old_value = wixl_wix_control_get_EnableCondition (self);
msitools>       |                   ^
msitools> tools/wixl/wixl.p/wix.c: In function 'wixl_wix_control_set_HideCondition':
msitools> tools/wixl/wixl.p/wix.c:17633:19: warning: assignment discards 'const' qualifier from pointer target type [-Wdiscarded-qualifiers]
msitools> 17633 |         old_value = wixl_wix_control_get_HideCondition (self);
msitools>       |                   ^
msitools> tools/wixl/wixl.p/wix.c: In function 'wixl_wix_control_set_ShowCondition':
msitools> tools/wixl/wixl.p/wix.c:17660:19: warning: assignment discards 'const' qualifier from pointer target type [-Wdiscarded-qualifiers]
msitools> 17660 |         old_value = wixl_wix_control_get_ShowCondition (self);
msitools>       |                   ^
msitools> tools/wixl/wixl.p/wix.c: In function 'wixl_wix_control_class_init':
msitools> tools/wixl/wixl.p/wix.c:17678:14: warning: variable '_tmp3__length1' set but not used [-Wunused-but-set-variable]
msitools> 17678 |         gint _tmp3__length1;
msitools>       |              ^~~~~~~~~~~~~~
msitools> tools/wixl/wixl.p/wix.c: In function 'wixl_wix_control_get_type':
msitools> /nix/store/gak7fcsrc8zq8292liaqi0q1j38fi3bw-glib-2.88.3-dev/include/glib-2.0/glib/gatomic.h:131:5: warning: argument 2 of '__atomic_load' discards 'volatile' qualifier [-Wdiscarded-qualifiers]
msitools>   131 |     __atomic_load (gapg_temp_atomic, &gapg_temp_newval, __ATOMIC_SEQ_CST); \
msitools>       |     ^~~~~~~~~~~~~
msitools> /nix/store/gak7fcsrc8zq8292liaqi0q1j38fi3bw-glib-2.88.3-dev/include/glib-2.0/glib/gthread.h:274:7: note: in expansion of macro 'g_atomic_pointer_get'
msitools>   274 |     (!g_atomic_pointer_get (location) &&                             \
msitools>       |       ^~~~~~~~~~~~~~~~~~~~
msitools> tools/wixl/wixl.p/wix.c:17795:13: note: in expansion of macro 'g_once_init_enter'
msitools> 17795 |         if (g_once_init_enter (&wixl_wix_control_type_id__once)) {
msitools>       |             ^~~~~~~~~~~~~~~~~
msitools> tools/wixl/wixl.p/wix.c: In function 'wixl_wix_publish_set_Control':
msitools> tools/wixl/wixl.p/wix.c:18078:19: warning: assignment discards 'const' qualifier from pointer target type [-Wdiscarded-qualifiers]
msitools> 18078 |         old_value = wixl_wix_publish_get_Control (self);
msitools>       |                   ^
msitools> tools/wixl/wixl.p/wix.c: In function 'wixl_wix_publish_set_Dialog':
msitools> tools/wixl/wixl.p/wix.c:18105:19: warning: assignment discards 'const' qualifier from pointer target type [-Wdiscarded-qualifiers]
msitools> 18105 |         old_value = wixl_wix_publish_get_Dialog (self);
msitools>       |                   ^
msitools> tools/wixl/wixl.p/wix.c: In function 'wixl_wix_publish_set_Event':
msitools> tools/wixl/wixl.p/wix.c:18132:19: warning: assignment discards 'const' qualifier from pointer target type [-Wdiscarded-qualifiers]
msitools> 18132 |         old_value = wixl_wix_publish_get_Event (self);
msitools>       |                   ^
msitools> tools/wixl/wixl.p/wix.c: In function 'wixl_wix_publish_set_Order':
msitools> tools/wixl/wixl.p/wix.c:18159:19: warning: assignment discards 'const' qualifier from pointer target type [-Wdiscarded-qualifiers]
msitools> 18159 |         old_value = wixl_wix_publish_get_Order (self);
msitools>       |                   ^
msitools> tools/wixl/wixl.p/wix.c: In function 'wixl_wix_publish_set_Property':
msitools> tools/wixl/wixl.p/wix.c:18186:19: warning: assignment discards 'const' qualifier from pointer target type [-Wdiscarded-qualifiers]
msitools> 18186 |         old_value = wixl_wix_publish_get_Property (self);
msitools>       |                   ^
msitools> tools/wixl/wixl.p/wix.c: In function 'wixl_wix_publish_set_Value':
msitools> tools/wixl/wixl.p/wix.c:18213:19: warning: assignment discards 'const' qualifier from pointer target type [-Wdiscarded-qualifiers]
msitools> 18213 |         old_value = wixl_wix_publish_get_Value (self);
msitools>       |                   ^
msitools> tools/wixl/wixl.p/wix.c: In function 'wixl_wix_publish_set_Condition':
msitools> tools/wixl/wixl.p/wix.c:18240:19: warning: assignment discards 'const' qualifier from pointer target type [-Wdiscarded-qualifiers]
msitools> 18240 |         old_value = wixl_wix_publish_get_Condition (self);
msitools>       |                   ^
msitools> tools/wixl/wixl.p/wix.c: In function 'wixl_wix_publish_get_type':
msitools> /nix/store/gak7fcsrc8zq8292liaqi0q1j38fi3bw-glib-2.88.3-dev/include/glib-2.0/glib/gatomic.h:131:5: warning: argument 2 of '__atomic_load' discards 'volatile' qualifier [-Wdiscarded-qualifiers]
msitools>   131 |     __atomic_load (gapg_temp_atomic, &gapg_temp_newval, __ATOMIC_SEQ_CST); \
msitools>       |     ^~~~~~~~~~~~~
msitools> /nix/store/gak7fcsrc8zq8292liaqi0q1j38fi3bw-glib-2.88.3-dev/include/glib-2.0/glib/gthread.h:274:7: note: in expansion of macro 'g_atomic_pointer_get'
msitools>   274 |     (!g_atomic_pointer_get (location) &&                             \
msitools>       |       ^~~~~~~~~~~~~~~~~~~~
msitools> tools/wixl/wixl.p/wix.c:18309:13: note: in expansion of macro 'g_once_init_enter'
msitools> 18309 |         if (g_once_init_enter (&wixl_wix_publish_type_id__once)) {
msitools>       |             ^~~~~~~~~~~~~~~~~
msitools> tools/wixl/wixl.p/wix.c: In function 'wixl_wix_radio_button_group_set_Property':
msitools> tools/wixl/wixl.p/wix.c:18426:19: warning: assignment discards 'const' qualifier from pointer target type [-Wdiscarded-qualifiers]
msitools> 18426 |         old_value = wixl_wix_radio_button_group_get_Property (self);
msitools>       |                   ^
msitools> tools/wixl/wixl.p/wix.c: In function 'wixl_wix_radio_button_group_class_init':
msitools> tools/wixl/wixl.p/wix.c:18444:14: warning: variable '_tmp3__length1' set but not used [-Wunused-but-set-variable]
msitools> 18444 |         gint _tmp3__length1;
msitools>       |              ^~~~~~~~~~~~~~
msitools> tools/wixl/wixl.p/wix.c: In function 'wixl_wix_radio_button_group_get_type':
msitools> /nix/store/gak7fcsrc8zq8292liaqi0q1j38fi3bw-glib-2.88.3-dev/include/glib-2.0/glib/gatomic.h:131:5: warning: argument 2 of '__atomic_load' discards 'volatile' qualifier [-Wdiscarded-qualifiers]
msitools>   131 |     __atomic_load (gapg_temp_atomic, &gapg_temp_newval, __ATOMIC_SEQ_CST); \
msitools>       |     ^~~~~~~~~~~~~
msitools> /nix/store/gak7fcsrc8zq8292liaqi0q1j38fi3bw-glib-2.88.3-dev/include/glib-2.0/glib/gthread.h:274:7: note: in expansion of macro 'g_atomic_pointer_get'
msitools>   274 |     (!g_atomic_pointer_get (location) &&                             \
msitools>       |       ^~~~~~~~~~~~~~~~~~~~
msitools> tools/wixl/wixl.p/wix.c:18494:13: note: in expansion of macro 'g_once_init_enter'
msitools> 18494 |         if (g_once_init_enter (&wixl_wix_radio_button_group_type_id__once)) {
msitools>       |             ^~~~~~~~~~~~~~~~~
msitools> tools/wixl/wixl.p/wix.c: In function 'wixl_wix_radio_button_set_Height':
msitools> tools/wixl/wixl.p/wix.c:18591:19: warning: assignment discards 'const' qualifier from pointer target type [-Wdiscarded-qualifiers]
msitools> 18591 |         old_value = wixl_wix_radio_button_get_Height (self);
msitools>       |                   ^
msitools> tools/wixl/wixl.p/wix.c: In function 'wixl_wix_radio_button_set_Help':
msitools> tools/wixl/wixl.p/wix.c:18618:19: warning: assignment discards 'const' qualifier from pointer target type [-Wdiscarded-qualifiers]
msitools> 18618 |         old_value = wixl_wix_radio_button_get_Help (self);
msitools>       |                   ^
msitools> tools/wixl/wixl.p/wix.c: In function 'wixl_wix_radio_button_set_Text':
msitools> tools/wixl/wixl.p/wix.c:18645:19: warning: assignment discards 'const' qualifier from pointer target type [-Wdiscarded-qualifiers]
msitools> 18645 |         old_value = wixl_wix_radio_button_get_Text (self);
msitools>       |                   ^
msitools> tools/wixl/wixl.p/wix.c: In function 'wixl_wix_radio_button_set_Value':
msitools> tools/wixl/wixl.p/wix.c:18672:19: warning: assignment discards 'const' qualifier from pointer target type [-Wdiscarded-qualifiers]
msitools> 18672 |         old_value = wixl_wix_radio_button_get_Value (self);
msitools>       |                   ^
msitools> tools/wixl/wixl.p/wix.c: In function 'wixl_wix_radio_button_set_Width':
msitools> tools/wixl/wixl.p/wix.c:18699:19: warning: assignment discards 'const' qualifier from pointer target type [-Wdiscarded-qualifiers]
msitools> 18699 |         old_value = wixl_wix_radio_button_get_Width (self);
msitools>       |                   ^
msitools> tools/wixl/wixl.p/wix.c: In function 'wixl_wix_radio_button_set_X':
msitools> tools/wixl/wixl.p/wix.c:18726:19: warning: assignment discards 'const' qualifier from pointer target type [-Wdiscarded-qualifiers]
msitools> 18726 |         old_value = wixl_wix_radio_button_get_X (self);
msitools>       |                   ^
msitools> tools/wixl/wixl.p/wix.c: In function 'wixl_wix_radio_button_set_Y':
msitools> tools/wixl/wixl.p/wix.c:18753:19: warning: assignment discards 'const' qualifier from pointer target type [-Wdiscarded-qualifiers]
msitools> 18753 |         old_value = wixl_wix_radio_button_get_Y (self);
msitools>       |                   ^
msitools> tools/wixl/wixl.p/wix.c: In function 'wixl_wix_radio_button_get_type':
msitools> /nix/store/gak7fcsrc8zq8292liaqi0q1j38fi3bw-glib-2.88.3-dev/include/glib-2.0/glib/gatomic.h:131:5: warning: argument 2 of '__atomic_load' discards 'volatile' qualifier [-Wdiscarded-qualifiers]
msitools>   131 |     __atomic_load (gapg_temp_atomic, &gapg_temp_newval, __ATOMIC_SEQ_CST); \
msitools>       |     ^~~~~~~~~~~~~
msitools> /nix/store/gak7fcsrc8zq8292liaqi0q1j38fi3bw-glib-2.88.3-dev/include/glib-2.0/glib/gthread.h:274:7: note: in expansion of macro 'g_atomic_pointer_get'
msitools>   274 |     (!g_atomic_pointer_get (location) &&                             \
msitools>       |       ^~~~~~~~~~~~~~~~~~~~
msitools> tools/wixl/wixl.p/wix.c:18822:13: note: in expansion of macro 'g_once_init_enter'
msitools> 18822 |         if (g_once_init_enter (&wixl_wix_radio_button_type_id__once)) {
msitools>       |             ^~~~~~~~~~~~~~~~~
msitools> tools/wixl/wixl.p/wix.c: In function 'wixl_wix_subscribe_set_Attribute':
msitools> tools/wixl/wixl.p/wix.c:18955:19: warning: assignment discards 'const' qualifier from pointer target type [-Wdiscarded-qualifiers]
msitools> 18955 |         old_value = wixl_wix_subscribe_get_Attribute (self);
msitools>       |                   ^
msitools> tools/wixl/wixl.p/wix.c: In function 'wixl_wix_subscribe_set_Event':
msitools> tools/wixl/wixl.p/wix.c:18982:19: warning: assignment discards 'const' qualifier from pointer target type [-Wdiscarded-qualifiers]
msitools> 18982 |         old_value = wixl_wix_subscribe_get_Event (self);
msitools>       |                   ^
msitools> tools/wixl/wixl.p/wix.c: In function 'wixl_wix_subscribe_get_type':
msitools> /nix/store/gak7fcsrc8zq8292liaqi0q1j38fi3bw-glib-2.88.3-dev/include/glib-2.0/glib/gatomic.h:131:5: warning: argument 2 of '__atomic_load' discards 'volatile' qualifier [-Wdiscarded-qualifiers]
msitools>   131 |     __atomic_load (gapg_temp_atomic, &gapg_temp_newval, __ATOMIC_SEQ_CST); \
msitools>       |     ^~~~~~~~~~~~~
msitools> /nix/store/gak7fcsrc8zq8292liaqi0q1j38fi3bw-glib-2.88.3-dev/include/glib-2.0/glib/gthread.h:274:7: note: in expansion of macro 'g_atomic_pointer_get'
msitools>   274 |     (!g_atomic_pointer_get (location) &&                             \
msitools>       |       ^~~~~~~~~~~~~~~~~~~~
msitools> tools/wixl/wixl.p/wix.c:19041:13: note: in expansion of macro 'g_once_init_enter'
msitools> 19041 |         if (g_once_init_enter (&wixl_wix_subscribe_type_id__once)) {
msitools>       |             ^~~~~~~~~~~~~~~~~
msitools> tools/wixl/wixl.p/wix.c: In function 'wixl_wix_progress_text_set_Action':
msitools> tools/wixl/wixl.p/wix.c:19144:19: warning: assignment discards 'const' qualifier from pointer target type [-Wdiscarded-qualifiers]
msitools> 19144 |         old_value = wixl_wix_progress_text_get_Action (self);
msitools>       |                   ^
msitools> tools/wixl/wixl.p/wix.c: In function 'wixl_wix_progress_text_set_Template':
msitools> tools/wixl/wixl.p/wix.c:19171:19: warning: assignment discards 'const' qualifier from pointer target type [-Wdiscarded-qualifiers]
msitools> 19171 |         old_value = wixl_wix_progress_text_get_Template (self);
msitools>       |                   ^
msitools> tools/wixl/wixl.p/wix.c: In function 'wixl_wix_progress_text_get_type':
msitools> /nix/store/gak7fcsrc8zq8292liaqi0q1j38fi3bw-glib-2.88.3-dev/include/glib-2.0/glib/gatomic.h:131:5: warning: argument 2 of '__atomic_load' discards 'volatile' qualifier [-Wdiscarded-qualifiers]
msitools>   131 |     __atomic_load (gapg_temp_atomic, &gapg_temp_newval, __ATOMIC_SEQ_CST); \
msitools>       |     ^~~~~~~~~~~~~
msitools> /nix/store/gak7fcsrc8zq8292liaqi0q1j38fi3bw-glib-2.88.3-dev/include/glib-2.0/glib/gthread.h:274:7: note: in expansion of macro 'g_atomic_pointer_get'
msitools>   274 |     (!g_atomic_pointer_get (location) &&                             \
msitools>       |       ^~~~~~~~~~~~~~~~~~~~
msitools> tools/wixl/wixl.p/wix.c:19230:13: note: in expansion of macro 'g_once_init_enter'
msitools> 19230 |         if (g_once_init_enter (&wixl_wix_progress_text_type_id__once)) {
msitools>       |             ^~~~~~~~~~~~~~~~~
msitools> tools/wixl/wixl.p/wix.c: In function 'wixl_wix_root_class_init':
msitools> tools/wixl/wixl.p/wix.c:19302:14: warning: variable '_tmp3__length1' set but not used [-Wunused-but-set-variable]
msitools> 19302 |         gint _tmp3__length1;
msitools>       |              ^~~~~~~~~~~~~~
msitools> tools/wixl/wixl.p/wix.c: In function 'wixl_wix_root_get_type':
msitools> /nix/store/gak7fcsrc8zq8292liaqi0q1j38fi3bw-glib-2.88.3-dev/include/glib-2.0/glib/gatomic.h:131:5: warning: argument 2 of '__atomic_load' discards 'volatile' qualifier [-Wdiscarded-qualifiers]
msitools>   131 |     __atomic_load (gapg_temp_atomic, &gapg_temp_newval, __ATOMIC_SEQ_CST); \
msitools>       |     ^~~~~~~~~~~~~
msitools> /nix/store/gak7fcsrc8zq8292liaqi0q1j38fi3bw-glib-2.88.3-dev/include/glib-2.0/glib/gthread.h:274:7: note: in expansion of macro 'g_atomic_pointer_get'
msitools>   274 |     (!g_atomic_pointer_get (location) &&                             \
msitools>       |       ^~~~~~~~~~~~~~~~~~~~
msitools> tools/wixl/wixl.p/wix.c:19336:13: note: in expansion of macro 'g_once_init_enter'
msitools> 19336 |         if (g_once_init_enter (&wixl_wix_root_type_id__once)) {
msitools>       |             ^~~~~~~~~~~~~~~~~
msitools> tools/wixl/wixl.p/wix.c: In function 'wixl_wix_environment_set_Action':
msitools> tools/wixl/wixl.p/wix.c:19397:19: warning: assignment discards 'const' qualifier from pointer target type [-Wdiscarded-qualifiers]
msitools> 19397 |         old_value = wixl_wix_environment_get_Action (self);
msitools>       |                   ^
msitools> tools/wixl/wixl.p/wix.c: In function 'wixl_wix_environment_set_Name':
msitools> tools/wixl/wixl.p/wix.c:19424:19: warning: assignment discards 'const' qualifier from pointer target type [-Wdiscarded-qualifiers]
msitools> 19424 |         old_value = wixl_wix_environment_get_Name (self);
msitools>       |                   ^
msitools> tools/wixl/wixl.p/wix.c: In function 'wixl_wix_environment_set_Part':
msitools> tools/wixl/wixl.p/wix.c:19451:19: warning: assignment discards 'const' qualifier from pointer target type [-Wdiscarded-qualifiers]
msitools> 19451 |         old_value = wixl_wix_environment_get_Part (self);
msitools>       |                   ^
msitools> tools/wixl/wixl.p/wix.c: In function 'wixl_wix_environment_set_Permanent':
msitools> tools/wixl/wixl.p/wix.c:19478:19: warning: assignment discards 'const' qualifier from pointer target type [-Wdiscarded-qualifiers]
msitools> 19478 |         old_value = wixl_wix_environment_get_Permanent (self);
msitools>       |                   ^
msitools> tools/wixl/wixl.p/wix.c: In function 'wixl_wix_environment_set_Separator':
msitools> tools/wixl/wixl.p/wix.c:19505:19: warning: assignment discards 'const' qualifier from pointer target type [-Wdiscarded-qualifiers]
msitools> 19505 |         old_value = wixl_wix_environment_get_Separator (self);
msitools>       |                   ^
msitools> tools/wixl/wixl.p/wix.c: In function 'wixl_wix_environment_set_System':
msitools> tools/wixl/wixl.p/wix.c:19532:19: warning: assignment discards 'const' qualifier from pointer target type [-Wdiscarded-qualifiers]
msitools> 19532 |         old_value = wixl_wix_environment_get_System (self);
msitools>       |                   ^
msitools> tools/wixl/wixl.p/wix.c: In function 'wixl_wix_environment_set_Value':
msitools> tools/wixl/wixl.p/wix.c:19559:19: warning: assignment discards 'const' qualifier from pointer target type [-Wdiscarded-qualifiers]
msitools> 19559 |         old_value = wixl_wix_environment_get_Value (self);
msitools>       |                   ^
msitools> tools/wixl/wixl.p/wix.c: In function 'wixl_wix_environment_get_type':
msitools> /nix/store/gak7fcsrc8zq8292liaqi0q1j38fi3bw-glib-2.88.3-dev/include/glib-2.0/glib/gatomic.h:131:5: warning: argument 2 of '__atomic_load' discards 'volatile' qualifier [-Wdiscarded-qualifiers]
msitools>   131 |     __atomic_load (gapg_temp_atomic, &gapg_temp_newval, __ATOMIC_SEQ_CST); \
msitools>       |     ^~~~~~~~~~~~~
msitools> /nix/store/gak7fcsrc8zq8292liaqi0q1j38fi3bw-glib-2.88.3-dev/include/glib-2.0/glib/gthread.h:274:7: note: in expansion of macro 'g_atomic_pointer_get'
msitools>   274 |     (!g_atomic_pointer_get (location) &&                             \
msitools>       |       ^~~~~~~~~~~~~~~~~~~~
msitools> tools/wixl/wixl.p/wix.c:19628:13: note: in expansion of macro 'g_once_init_enter'
msitools> 19628 |         if (g_once_init_enter (&wixl_wix_environment_type_id__once)) {
msitools>       |             ^~~~~~~~~~~~~~~~~
msitools> tools/wixl/wixl.p/wix.c: At top level:
msitools> tools/wixl/wixl.p/wix.c:564:20: warning: 'wixl_wix_root_properties' defined but not used [-Wunused-variable]
msitools>   564 | static GParamSpec* wixl_wix_root_properties[WIXL_WIX_ROOT_NUM_PROPERTIES];
msitools>       |                    ^~~~~~~~~~~~~~~~~~~~~~~~
msitools> tools/wixl/wixl.p/wix.c:467:20: warning: 'wixl_wix_dialog_ref_properties' defined but not used [-Wunused-variable]
msitools>   467 | static GParamSpec* wixl_wix_dialog_ref_properties[WIXL_WIX_DIALOG_REF_NUM_PROPERTIES];
msitools>       |                    ^~~~~~~~~~~~~~~~~~~~~~~~~~~~~~
msitools> tools/wixl/wixl.p/wix.c:418:20: warning: 'wixl_wix_ui_ref_properties' defined but not used [-Wunused-variable]
msitools>   418 | static GParamSpec* wixl_wix_ui_ref_properties[WIXL_WIX_UI_REF_NUM_PROPERTIES];
msitools>       |                    ^~~~~~~~~~~~~~~~~~~~~~~~~~
msitools> tools/wixl/wixl.p/wix.c:413:20: warning: 'wixl_wix_ui_properties' defined but not used [-Wunused-variable]
msitools>   413 | static GParamSpec* wixl_wix_ui_properties[WIXL_WIX_UI_NUM_PROPERTIES];
msitools>       |                    ^~~~~~~~~~~~~~~~~~~~~~
msitools> tools/wixl/wixl.p/wix.c:408:20: warning: 'wixl_wix_directory_ref_properties' defined but not used [-Wunused-variable]
msitools>   408 | static GParamSpec* wixl_wix_directory_ref_properties[WIXL_WIX_DIRECTORY_REF_NUM_PROPERTIES];
msitools>       |                    ^~~~~~~~~~~~~~~~~~~~~~~~~~~~~~~~~
msitools> tools/wixl/wixl.p/wix.c:403:20: warning: 'wixl_wix_element_ref_properties' defined but not used [-Wunused-variable]
msitools>   403 | static GParamSpec* wixl_wix_element_ref_properties[WIXL_WIX_ELEMENT_REF_NUM_PROPERTIES];
msitools>       |                    ^~~~~~~~~~~~~~~~~~~~~~~~~~~~~~~
msitools> tools/wixl/wixl.p/wix.c:306:20: warning: 'wixl_wix_upgrade_properties' defined but not used [-Wunused-variable]
msitools>   306 | static GParamSpec* wixl_wix_upgrade_properties[WIXL_WIX_UPGRADE_NUM_PROPERTIES];
msitools>       |                    ^~~~~~~~~~~~~~~~~~~~~~~~~~~
msitools> tools/wixl/wixl.p/wix.c:301:20: warning: 'wixl_wix_advertise_execute_sequence_properties' defined but not used [-Wunused-variable]
msitools>   301 | static GParamSpec* wixl_wix_advertise_execute_sequence_properties[WIXL_WIX_ADVERTISE_EXECUTE_SEQUENCE_NUM_PROPERTIES];
msitools>       |                    ^~~~~~~~~~~~~~~~~~~~~~~~~~~~~~~~~~~~~~~~~~~~~~
msitools> tools/wixl/wixl.p/wix.c:296:20: warning: 'wixl_wix_admin_ui_sequence_properties' defined but not used [-Wunused-variable]
msitools>   296 | static GParamSpec* wixl_wix_admin_ui_sequence_properties[WIXL_WIX_ADMIN_UI_SEQUENCE_NUM_PROPERTIES];
msitools>       |                    ^~~~~~~~~~~~~~~~~~~~~~~~~~~~~~~~~~~~~
msitools> tools/wixl/wixl.p/wix.c:291:20: warning: 'wixl_wix_admin_execute_sequence_properties' defined but not used [-Wunused-variable]
msitools>   291 | static GParamSpec* wixl_wix_admin_execute_sequence_properties[WIXL_WIX_ADMIN_EXECUTE_SEQUENCE_NUM_PROPERTIES];
msitools>       |                    ^~~~~~~~~~~~~~~~~~~~~~~~~~~~~~~~~~~~~~~~~~
msitools> tools/wixl/wixl.p/wix.c:286:20: warning: 'wixl_wix_install_ui_sequence_properties' defined but not used [-Wunused-variable]
msitools>   286 | static GParamSpec* wixl_wix_install_ui_sequence_properties[WIXL_WIX_INSTALL_UI_SEQUENCE_NUM_PROPERTIES];
msitools>       |                    ^~~~~~~~~~~~~~~~~~~~~~~~~~~~~~~~~~~~~~~
msitools> tools/wixl/wixl.p/wix.c:281:20: warning: 'wixl_wix_install_execute_sequence_properties' defined but not used [-Wunused-variable]
msitools>   281 | static GParamSpec* wixl_wix_install_execute_sequence_properties[WIXL_WIX_INSTALL_EXECUTE_SEQUENCE_NUM_PROPERTIES];
msitools>       |                    ^~~~~~~~~~~~~~~~~~~~~~~~~~~~~~~~~~~~~~~~~~~~
msitools> tools/wixl/wixl.p/wix.c:276:20: warning: 'wixl_wix_sequence_properties' defined but not used [-Wunused-variable]
msitools>   276 | static GParamSpec* wixl_wix_sequence_properties[WIXL_WIX_SEQUENCE_NUM_PROPERTIES];
msitools>       |                    ^~~~~~~~~~~~~~~~~~~~~~~~~~~~
msitools> tools/wixl/wixl.p/wix.c:201:20: warning: 'wixl_wix_service_argument_properties' defined but not used [-Wunused-variable]
msitools>   201 | static GParamSpec* wixl_wix_service_argument_properties[WIXL_WIX_SERVICE_ARGUMENT_NUM_PROPERTIES];
msitools>       |                    ^~~~~~~~~~~~~~~~~~~~~~~~~~~~~~~~~~~~
msitools> tools/wixl/wixl.p/wix.c:181:20: warning: 'wixl_wix_component_group_ref_properties' defined but not used [-Wunused-variable]
msitools>   181 | static GParamSpec* wixl_wix_component_group_ref_properties[WIXL_WIX_COMPONENT_GROUP_REF_NUM_PROPERTIES];
msitools>       |                    ^~~~~~~~~~~~~~~~~~~~~~~~~~~~~~~~~~~~~~~
msitools> tools/wixl/wixl.p/wix.c:176:20: warning: 'wixl_wix_component_ref_properties' defined but not used [-Wunused-variable]
msitools>   176 | static GParamSpec* wixl_wix_component_ref_properties[WIXL_WIX_COMPONENT_REF_NUM_PROPERTIES];
msitools>       |                    ^~~~~~~~~~~~~~~~~~~~~~~~~~~~~~~~~
msitools> tools/wixl/wixl.p/wix.c:55:20: warning: 'wixl_wix_fragment_properties' defined but not used [-Wunused-variable]
msitools>    55 | static GParamSpec* wixl_wix_fragment_properties[WIXL_WIX_FRAGMENT_NUM_PROPERTIES];
msitools>       |                    ^~~~~~~~~~~~~~~~~~~~~~~~~~~~
msitools> tools/wixl/wixl.p/wix.c:36:20: warning: 'wixl_wix_text_properties' defined but not used [-Wunused-variable]
msitools>    36 | static GParamSpec* wixl_wix_text_properties[WIXL_WIX_TEXT_NUM_PROPERTIES];
msitools>       |                    ^~~~~~~~~~~~~~~~~~~~~~~~
msitools> tools/wixl/wixl.p/wix.c:31:20: warning: 'wixl_wix_node_properties' defined but not used [-Wunused-variable]
msitools>    31 | static GParamSpec* wixl_wix_node_properties[WIXL_WIX_NODE_NUM_PROPERTIES];
msitools>       |                    ^~~~~~~~~~~~~~~~~~~~~~~~
msitools> tools/wixl/wixl.p/wix.c:26:20: warning: 'wixl_wix_node_visitor_properties' defined but not used [-Wunused-variable]
msitools>    26 | static GParamSpec* wixl_wix_node_visitor_properties[WIXL_WIX_NODE_VISITOR_NUM_PROPERTIES];
msitools>       |                    ^~~~~~~~~~~~~~~~~~~~~~~~~~~~~~~~
msitools> [93/93] Linking target tools/wixl/wixl
msitools> Running phase: checkPhase
msitools> ninja: no work to do.
msitools> mesonCheckPhase flags: --timeout-multiplier=0
msitools> ▶ 1/1 testdatabase shouldn't print fail FAIL          
msitools> ▶ 1/1 msibuild - empty MSI      FAIL          
msitools> ▶ 1/1 msibuild - UUID           FAIL          
msitools> ▶ 1/1 msibuild - UUID does not change FAIL          
msitools> ▶ 1/1 msibuild - Set summary    FAIL          
msitools> ▶ 1/1 msibuild - add stream     FAIL          
msitools> ▶ 1/1 msibuild - add tables     FAIL          
msitools> ▶ 1/1 msibuild - add tables and definitions FAIL          
msitools> ▶ 1/1 msibuild - seperate invocations FAIL          
msitools> ▶ 1/1 msibuild - add table with data FAIL          
msitools> ▶ 1/1 msibuild - add table with stream FAIL          
msitools> ▶ 1/1 msibuild - update _SummaryInformation table FAIL          
msitools> 1/1 msitools:Tools tests        ERROR           1.31s   exit status 1
msitools> >>> BUILDDIR=/build/msitools-0.106/build SRCDIR=/build/msitools-0.106 UBSAN_OPTIONS=halt_on_error=1:abort_on_error=1:print_summary=1:print_stacktrace=1 LD_LIBRARY_PATH=/build/msitools-0.106/build/libmsi MESON_TEST_ITERATION=1 ASAN_OPTIONS=halt_on_error=1:abort_on_error=1:print_summary=1 MSAN_OPTIONS=halt_on_error=1:abort_on_error=1:print_summary=1:print_stacktrace=1 MALLOC_PERTURB_=116 /build/msitools-0.106/subprojects/bats-core/bin/bats --tap /build/msitools-0.106/tests
msitools>  ✀
msitools> stderr:
msitools> 
msitools> (test program exited with status code 1)
msitools> 
msitools> 
msitools> 
msitools> Summary of Failures:
msitools> 
msitools> 1/1 msitools:Tools tests ERROR           1.31s   exit status 1
msitools> 
msitools> Ok:                0
msitools> Fail:              1
msitools> 
msitools> Full log written to /build/msitools-0.106/build/meson-logs/testlog.txt
error: Cannot build '/nix/store/w2p8ha35fmypqh16d2pzv5l12x5v95lr-msitools-0.106.drv'.
       Reason: builder failed with exit code 1.
       Output paths:
         /nix/store/3yi9daakhfg5rc4cq1d4kiavn4q41h83-msitools-0.106
       Last 25 log lines:
       > ▶ 1/1 msibuild - Set summary    FAIL          
       > ▶ 1/1 msibuild - add stream     FAIL          
       > ▶ 1/1 msibuild - add tables     FAIL          
       > ▶ 1/1 msibuild - add tables and definitions FAIL          
       > ▶ 1/1 msibuild - seperate invocations FAIL          
       > ▶ 1/1 msibuild - add table with data FAIL          
       > ▶ 1/1 msibuild - add table with stream FAIL          
       > ▶ 1/1 msibuild - update _SummaryInformation table FAIL          
       > 1/1 msitools:Tools tests        ERROR           1.31s   exit status 1
       > >>> BUILDDIR=/build/msitools-0.106/build SRCDIR=/build/msitools-0.106 UBSAN_OPTIONS=halt_on_error=1:abort_on_error=1:print_summary=1:print_stacktrace=1 LD_LIBRARY_PATH=/build/msitools-0.106/build/libmsi MESON_TEST_ITERATION=1 ASAN_OPTIONS=halt_on_error=1:abort_on_error=1:print_summary=1 MSAN_OPTIONS=halt_on_error=1:abort_on_error=1:print_summary=1:print_stacktrace=1 MALLOC_PERTURB_=116 /build/msitools-0.106/subprojects/bats-core/bin/bats --tap /build/msitools-0.106/tests
       >  ✀
       > stderr:
       >
       > (test program exited with status code 1)
       >
       >
       >
       > Summary of Failures:
       >
       > 1/1 msitools:Tools tests ERROR           1.31s   exit status 1
       >
       > Ok:                0
       > Fail:              1
       >
       > Full log written to /build/msitools-0.106/build/meson-logs/testlog.txt
       For full logs, run:
         nix log /nix/store/w2p8ha35fmypqh16d2pzv5l12x5v95lr-msitools-0.106.drv
